[13Sep2026 16:59:47.810] [main/INFO] [cpw.mods.modlauncher.Launcher/MODLAUNCHER]: ModLauncher running: args [--launchTarget, forgedatauserdev, --assetIndex, 5, --assetsDir, C:\Users\kylie\.gradle\caches\forge_gradle\assets, --gameDir, ., --fml.forgeVersion, 47.3.0, --fml.mcVersion, 1.20.1, --fml.forgeGroup, net.minecraftforge, --fml.mcpVersion, 20230612.114412, --mod, thatsjustpeachy, --all, --output, E:\IntelliJ Projects\Thats_Just_Peachy_Remastered\src\generated\resources, --existing, E:\IntelliJ Projects\Thats_Just_Peachy_Remastered\src\main\resources]
[13Sep2026 16:59:47.810] [main/INFO] [cpw.mods.modlauncher.Launcher/MODLAUNCHER]: ModLauncher 10.0.9+10.0.9+main.dcd20f30 starting: java version 17.0.11 by Amazon.com Inc.; OS Windows 10 arch amd64 version 10.0
[13Sep2026 16:59:47.826] [main/DEBUG] [cpw.mods.modlauncher.LaunchServiceHandler/MODLAUNCHER]: Found launch services [fmlclientdev,forgeclient,minecraft,forgegametestserverdev,fmlserveruserdev,fmlclient,fmldatauserdev,forgeserverdev,forgeserveruserdev,forgeclientdev,forgeclientuserdev,forgeserver,forgedatadev,fmlserver,fmlclientuserdev,fmlserverdev,forgedatauserdev,testharness,forgegametestserveruserdev]
[13Sep2026 16:59:47.842] [main/DEBUG] [cpw.mods.modlauncher.NameMappingServiceHandler/MODLAUNCHER]: Found naming services : [srgtomcp]
[13Sep2026 16:59:47.857] [main/DEBUG] [cpw.mods.modlauncher.LaunchPluginHandler/MODLAUNCHER]: Found launch plugins: [mixin,eventbus,slf4jfixer,object_holder_definalize,runtime_enum_extender,capability_token_subclass,accesstransformer,runtimedistcleaner]
[13Sep2026 16:59:47.863] [main/DEBUG] [cpw.mods.modlauncher.TransformationServicesHandler/MODLAUNCHER]: Discovering transformation services
[13Sep2026 16:59:47.863] [main/DEBUG] [net.minecraftforge.fml.loading.FMLPaths/CORE]: Path GAMEDIR is E:\IntelliJ Projects\Thats_Just_Peachy_Remastered\run-data
[13Sep2026 16:59:47.863] [main/DEBUG] [net.minecraftforge.fml.loading.FMLPaths/CORE]: Path MODSDIR is E:\IntelliJ Projects\Thats_Just_Peachy_Remastered\run-data\mods
[13Sep2026 16:59:47.863] [main/DEBUG] [net.minecraftforge.fml.loading.FMLPaths/CORE]: Path CONFIGDIR is E:\IntelliJ Projects\Thats_Just_Peachy_Remastered\run-data\config
[13Sep2026 16:59:47.863] [main/DEBUG] [net.minecraftforge.fml.loading.FMLPaths/CORE]: Path FMLCONFIG is E:\IntelliJ Projects\Thats_Just_Peachy_Remastered\run-data\config\fml.toml
[13Sep2026 16:59:47.894] [main/DEBUG] [cpw.mods.modlauncher.TransformationServicesHandler/MODLAUNCHER]: Found additional transformation services from discovery services: 
[13Sep2026 16:59:47.894] [main/INFO] [net.minecraftforge.fml.loading.ImmediateWindowHandler/]: ImmediateWindowProvider not loading because launch target is forgedatauserdev
[13Sep2026 16:59:47.910] [main/DEBUG] [cpw.mods.modlauncher.TransformationServicesHandler/MODLAUNCHER]: Found transformer services : [mixin,fml]
[13Sep2026 16:59:47.910] [main/DEBUG] [cpw.mods.modlauncher.TransformationServicesHandler/MODLAUNCHER]: Transformation services loading
[13Sep2026 16:59:47.910] [main/DEBUG] [cpw.mods.modlauncher.TransformationServiceDecorator/MODLAUNCHER]: Loading service mixin
[13Sep2026 16:59:47.910] [main/DEBUG] [cpw.mods.modlauncher.TransformationServiceDecorator/MODLAUNCHER]: Loaded service mixin
[13Sep2026 16:59:47.910] [main/DEBUG] [cpw.mods.modlauncher.TransformationServiceDecorator/MODLAUNCHER]: Loading service fml
[13Sep2026 16:59:47.910] [main/DEBUG] [net.minecraftforge.fml.loading.LauncherVersion/CORE]: Found FMLLauncher version 1.0
[13Sep2026 16:59:47.910] [main/DEBUG] [net.minecraftforge.fml.loading.FMLLoader/CORE]: FML 1.0 loading
[13Sep2026 16:59:47.910] [main/DEBUG] [net.minecraftforge.fml.loading.FMLLoader/CORE]: FML found ModLauncher version : 10.0.9+10.0.9+main.dcd20f30
[13Sep2026 16:59:47.910] [main/DEBUG] [net.minecraftforge.fml.loading.FMLLoader/CORE]: FML found AccessTransformer version : 8.0.4+66+master.c09db6d7
[13Sep2026 16:59:47.910] [main/DEBUG] [net.minecraftforge.fml.loading.FMLLoader/CORE]: FML found EventBus version : 6.0.5+6.0.5+master.eb8e549b
[13Sep2026 16:59:47.910] [main/DEBUG] [net.minecraftforge.fml.loading.FMLLoader/CORE]: Found Runtime Dist Cleaner
[13Sep2026 16:59:47.910] [main/DEBUG] [net.minecraftforge.fml.loading.FMLLoader/CORE]: FML found CoreMod version : 5.1.6
[13Sep2026 16:59:47.910] [main/DEBUG] [net.minecraftforge.fml.loading.FMLLoader/CORE]: Found ForgeSPI package implementation version 7.0.1+7.0.1+master.d2b38bf6
[13Sep2026 16:59:47.910] [main/DEBUG] [net.minecraftforge.fml.loading.FMLLoader/CORE]: Found ForgeSPI package specification 5
[13Sep2026 16:59:47.910] [main/DEBUG] [cpw.mods.modlauncher.TransformationServiceDecorator/MODLAUNCHER]: Loaded service fml
[13Sep2026 16:59:47.910] [main/DEBUG] [cpw.mods.modlauncher.TransformationServicesHandler/MODLAUNCHER]: Configuring option handling for services
[13Sep2026 16:59:47.910] [main/DEBUG] [cpw.mods.modlauncher.TransformationServicesHandler/MODLAUNCHER]: Transformation services initializing
[13Sep2026 16:59:47.910] [main/DEBUG] [cpw.mods.modlauncher.TransformationServiceDecorator/MODLAUNCHER]: Initializing transformation service mixin
[13Sep2026 16:59:47.926] [main/DEBUG] [mixin/]: MixinService [ModLauncher] was successfully booted in cpw.mods.cl.ModuleClassLoader@9225652
[13Sep2026 16:59:47.942] [main/INFO] [mixin/]: SpongePowered MIXIN Subsystem Version=0.8.5 Source=union:/C:/Users/kylie/.gradle/caches/modules-2/files-2.1/org.spongepowered/mixin/0.8.5/9d1c0c3a304ae6697ecd477218fa61b850bf57fc/mixin-0.8.5.jar%23128!/ Service=ModLauncher Env=CLIENT
[13Sep2026 16:59:47.942] [main/DEBUG] [mixin/]: Initialising Mixin Platform Manager
[13Sep2026 16:59:47.942] [main/DEBUG] [mixin/]: Adding mixin platform agents for container ModLauncher Root Container(ModLauncher:4f56a0a2)
[13Sep2026 16:59:47.942] [main/DEBUG] [mixin/]: Instancing new MixinPlatformAgentMinecraftForge for ModLauncher Root Container(ModLauncher:4f56a0a2)
[13Sep2026 16:59:47.942] [main/DEBUG] [mixin/]: MixinPlatformAgentMinecraftForge rejected container ModLauncher Root Container(ModLauncher:4f56a0a2)
[13Sep2026 16:59:47.942] [main/DEBUG] [mixin/]: Instancing new MixinPlatformAgentDefault for ModLauncher Root Container(ModLauncher:4f56a0a2)
[13Sep2026 16:59:47.942] [main/DEBUG] [mixin/]: MixinPlatformAgentDefault accepted container ModLauncher Root Container(ModLauncher:4f56a0a2)
[13Sep2026 16:59:47.942] [main/DEBUG] [cpw.mods.modlauncher.TransformationServiceDecorator/MODLAUNCHER]: Initialized transformation service mixin
[13Sep2026 16:59:47.942] [main/DEBUG] [cpw.mods.modlauncher.TransformationServiceDecorator/MODLAUNCHER]: Initializing transformation service fml
[13Sep2026 16:59:47.942] [main/DEBUG] [net.minecraftforge.fml.loading.FMLServiceProvider/CORE]: Setting up basic FML game directories
[13Sep2026 16:59:47.942] [main/DEBUG] [net.minecraftforge.fml.loading.FMLPaths/CORE]: Path GAMEDIR is E:\IntelliJ Projects\Thats_Just_Peachy_Remastered\run-data
[13Sep2026 16:59:47.942] [main/DEBUG] [net.minecraftforge.fml.loading.FMLPaths/CORE]: Path MODSDIR is E:\IntelliJ Projects\Thats_Just_Peachy_Remastered\run-data\mods
[13Sep2026 16:59:47.942] [main/DEBUG] [net.minecraftforge.fml.loading.FMLPaths/CORE]: Path CONFIGDIR is E:\IntelliJ Projects\Thats_Just_Peachy_Remastered\run-data\config
[13Sep2026 16:59:47.942] [main/DEBUG] [net.minecraftforge.fml.loading.FMLPaths/CORE]: Path FMLCONFIG is E:\IntelliJ Projects\Thats_Just_Peachy_Remastered\run-data\config\fml.toml
[13Sep2026 16:59:47.942] [main/DEBUG] [net.minecraftforge.fml.loading.FMLServiceProvider/CORE]: Loading configuration
[13Sep2026 16:59:47.942] [main/DEBUG] [net.minecraftforge.fml.loading.FMLServiceProvider/CORE]: Preparing ModFile
[13Sep2026 16:59:47.942] [main/DEBUG] [net.minecraftforge.fml.loading.FMLServiceProvider/CORE]: Preparing launch handler
[13Sep2026 16:59:47.942] [main/DEBUG] [net.minecraftforge.fml.loading.FMLLoader/CORE]: Using forgedatauserdev as launch service
[13Sep2026 16:59:47.963] [main/DEBUG] [net.minecraftforge.fml.loading.FMLLoader/CORE]: Received command line version data  : VersionInfo[forgeVersion=47.3.0, mcVersion=1.20.1, mcpVersion=20230612.114412, forgeGroup=net.minecraftforge]
[13Sep2026 16:59:47.963] [main/DEBUG] [cpw.mods.modlauncher.TransformationServiceDecorator/MODLAUNCHER]: Initialized transformation service fml
[13Sep2026 16:59:47.963] [main/DEBUG] [cpw.mods.modlauncher.NameMappingServiceHandler/MODLAUNCHER]: Current naming domain is 'mcp'
[13Sep2026 16:59:47.963] [main/DEBUG] [cpw.mods.modlauncher.NameMappingServiceHandler/MODLAUNCHER]: Identified name mapping providers {srg=srgtomcp:1234}
[13Sep2026 16:59:47.963] [main/DEBUG] [cpw.mods.modlauncher.TransformationServicesHandler/MODLAUNCHER]: Transformation services begin scanning
[13Sep2026 16:59:47.963] [main/DEBUG] [cpw.mods.modlauncher.TransformationServiceDecorator/MODLAUNCHER]: Beginning scan trigger - transformation service mixin
[13Sep2026 16:59:47.963] [main/DEBUG] [cpw.mods.modlauncher.TransformationServiceDecorator/MODLAUNCHER]: End scan trigger - transformation service mixin
[13Sep2026 16:59:47.963] [main/DEBUG] [cpw.mods.modlauncher.TransformationServiceDecorator/MODLAUNCHER]: Beginning scan trigger - transformation service fml
[13Sep2026 16:59:47.963] [main/DEBUG] [net.minecraftforge.fml.loading.FMLServiceProvider/CORE]: Initiating mod scan
[13Sep2026 16:59:47.963] [main/DEBUG] [net.minecraftforge.fml.loading.moddiscovery.ModListHandler/CORE]: Found mod coordinates from lists: []
[13Sep2026 16:59:47.963] [main/DEBUG] [net.minecraftforge.fml.loading.moddiscovery.ModDiscoverer/CORE]: Found Mod Locators : (mods folder:null),(maven libs:null),(exploded directory:null),(minecraft:null),(userdev classpath:null)
[13Sep2026 16:59:47.979] [main/DEBUG] [net.minecraftforge.fml.loading.moddiscovery.ModDiscoverer/CORE]: Found Dependency Locators : (JarInJar:null)
[13Sep2026 16:59:47.979] [main/DEBUG] [net.minecraftforge.fml.loading.targets.CommonLaunchHandler/CORE]: Got mod coordinates thatsjustpeachy%%E:\IntelliJ Projects\Thats_Just_Peachy_Remastered\build\resources\main;thatsjustpeachy%%E:\IntelliJ Projects\Thats_Just_Peachy_Remastered\build\classes\java\main from env
[13Sep2026 16:59:47.979] [main/DEBUG] [net.minecraftforge.fml.loading.targets.CommonLaunchHandler/CORE]: Found supplied mod coordinates [{thatsjustpeachy=[E:\IntelliJ Projects\Thats_Just_Peachy_Remastered\build\resources\main, E:\IntelliJ Projects\Thats_Just_Peachy_Remastered\build\classes\java\main]}]
[13Sep2026 16:59:48.179] [main/DEBUG] [net.minecraftforge.fml.loading.moddiscovery.ModFileInfo/LOADING]: Found valid mod file forge-1.20.1-47.3.0_mapped_official_1.20.1-recomp.jar with {minecraft} mods - versions {1.20.1}
[13Sep2026 16:59:48.179] [main/DEBUG] [net.minecraftforge.fml.loading.moddiscovery.ModFileParser/LOADING]: Considering mod file candidate C:\Users\kylie\.gradle\caches\modules-2\files-2.1\net.minecraftforge\javafmllanguage\1.20.1-47.3.0\d7ebc62120f202109e300e084ca1a31a7b946a62\javafmllanguage-1.20.1-47.3.0.jar
[13Sep2026 16:59:48.179] [main/WARN] [net.minecraftforge.fml.loading.moddiscovery.ModFileParser/LOADING]: Mod file C:\Users\kylie\.gradle\caches\modules-2\files-2.1\net.minecraftforge\javafmllanguage\1.20.1-47.3.0\d7ebc62120f202109e300e084ca1a31a7b946a62\javafmllanguage-1.20.1-47.3.0.jar is missing mods.toml file
[13Sep2026 16:59:48.179] [main/DEBUG] [net.minecraftforge.fml.loading.moddiscovery.ModFileParser/LOADING]: Considering mod file candidate C:\Users\kylie\.gradle\caches\modules-2\files-2.1\net.minecraftforge\lowcodelanguage\1.20.1-47.3.0\1bf3e845ea0ce750096da8c71c8364b188ab74d4\lowcodelanguage-1.20.1-47.3.0.jar
[13Sep2026 16:59:48.179] [main/WARN] [net.minecraftforge.fml.loading.moddiscovery.ModFileParser/LOADING]: Mod file C:\Users\kylie\.gradle\caches\modules-2\files-2.1\net.minecraftforge\lowcodelanguage\1.20.1-47.3.0\1bf3e845ea0ce750096da8c71c8364b188ab74d4\lowcodelanguage-1.20.1-47.3.0.jar is missing mods.toml file
[13Sep2026 16:59:48.179] [main/DEBUG] [net.minecraftforge.fml.loading.moddiscovery.ModFileParser/LOADING]: Considering mod file candidate C:\Users\kylie\.gradle\caches\modules-2\files-2.1\net.minecraftforge\mclanguage\1.20.1-47.3.0\6093682e943ddccbabf70539319d7f2fe64db2e7\mclanguage-1.20.1-47.3.0.jar
[13Sep2026 16:59:48.179] [main/WARN] [net.minecraftforge.fml.loading.moddiscovery.ModFileParser/LOADING]: Mod file C:\Users\kylie\.gradle\caches\modules-2\files-2.1\net.minecraftforge\mclanguage\1.20.1-47.3.0\6093682e943ddccbabf70539319d7f2fe64db2e7\mclanguage-1.20.1-47.3.0.jar is missing mods.toml file
[13Sep2026 16:59:48.179] [main/DEBUG] [net.minecraftforge.fml.loading.moddiscovery.ModFileParser/LOADING]: Considering mod file candidate C:\Users\kylie\.gradle\caches\modules-2\files-2.1\net.minecraftforge\fmlcore\1.20.1-47.3.0\3b6be96aba3e323f3c918e8ef6a96312d82d76ad\fmlcore-1.20.1-47.3.0.jar
[13Sep2026 16:59:48.179] [main/WARN] [net.minecraftforge.fml.loading.moddiscovery.ModFileParser/LOADING]: Mod file C:\Users\kylie\.gradle\caches\modules-2\files-2.1\net.minecraftforge\fmlcore\1.20.1-47.3.0\3b6be96aba3e323f3c918e8ef6a96312d82d76ad\fmlcore-1.20.1-47.3.0.jar is missing mods.toml file
[13Sep2026 16:59:48.195] [main/DEBUG] [net.minecraftforge.fml.loading.moddiscovery.ModFileParser/LOADING]: Considering mod file candidate E:\IntelliJ Projects\Thats_Just_Peachy_Remastered\build\resources\main
[13Sep2026 16:59:48.195] [main/DEBUG] [net.minecraftforge.fml.loading.moddiscovery.ModFileInfo/LOADING]: Found valid mod file main with {thatsjustpeachy} mods - versions {2.0}
[13Sep2026 16:59:48.195] [main/DEBUG] [net.minecraftforge.fml.loading.moddiscovery.ModFileParser/LOADING]: Considering mod file candidate /
[13Sep2026 16:59:48.195] [main/DEBUG] [net.minecraftforge.fml.loading.moddiscovery.ModFileInfo/LOADING]: Found valid mod file  with {forge} mods - versions {47.3.0}
[13Sep2026 16:59:48.211] [main/DEBUG] [net.minecraftforge.fml.loading.moddiscovery.ModFileParser/LOADING]: Considering mod file candidate C:\Users\kylie\.gradle\caches\forge_gradle\deobf_dependencies\curse\maven\dragns-crop-overhaul-1357111\7948591_mapped_official_1.20.1\dragns-crop-overhaul-1357111-7948591_mapped_official_1.20.1.jar
[13Sep2026 16:59:48.211] [main/DEBUG] [net.minecraftforge.fml.loading.moddiscovery.ModFileInfo/LOADING]: Found valid mod file dragns-crop-overhaul-1357111-7948591_mapped_official_1.20.1.jar with {dragncrops} mods - versions {1.2}
[13Sep2026 16:59:48.226] [main/DEBUG] [net.minecraftforge.fml.loading.moddiscovery.ModFileParser/LOADING]: Considering mod file candidate C:\Users\kylie\.gradle\caches\forge_gradle\deobf_dependencies\curse\maven\spoiled-364918\6828889_mapped_official_1.20.1\spoiled-364918-6828889_mapped_official_1.20.1.jar
[13Sep2026 16:59:48.226] [main/DEBUG] [net.minecraftforge.fml.loading.moddiscovery.ModFileInfo/LOADING]: Found valid mod file spoiled-364918-6828889_mapped_official_1.20.1.jar with {spoiled} mods - versions {2.2.0}
[13Sep2026 16:59:48.226] [main/DEBUG] [net.minecraftforge.fml.loading.moddiscovery.ModFileParser/LOADING]: Considering mod file candidate C:\Users\kylie\.gradle\caches\forge_gradle\deobf_dependencies\curse\maven\serene-seasons-291874\6398227_mapped_official_1.20.1\serene-seasons-291874-6398227_mapped_official_1.20.1.jar
[13Sep2026 16:59:48.226] [main/DEBUG] [net.minecraftforge.fml.loading.moddiscovery.ModFileInfo/LOADING]: Found valid mod file serene-seasons-291874-6398227_mapped_official_1.20.1.jar with {sereneseasons} mods - versions {9.1.0.2}
[13Sep2026 16:59:48.226] [main/DEBUG] [net.minecraftforge.fml.loading.moddiscovery.ModFileParser/LOADING]: Considering mod file candidate C:\Users\kylie\.gradle\caches\forge_gradle\deobf_dependencies\curse\maven\glitchcore-955399\5787839_mapped_official_1.20.1\glitchcore-955399-5787839_mapped_official_1.20.1.jar
[13Sep2026 16:59:48.226] [main/DEBUG] [net.minecraftforge.fml.loading.moddiscovery.ModFileInfo/LOADING]: Found valid mod file glitchcore-955399-5787839_mapped_official_1.20.1.jar with {glitchcore} mods - versions {0.0.1.1}
[13Sep2026 16:59:48.226] [main/DEBUG] [net.minecraftforge.fml.loading.moddiscovery.ModFileParser/LOADING]: Considering mod file candidate C:\Users\kylie\.gradle\caches\forge_gradle\deobf_dependencies\curse\maven\legendary-survival-overhaul-840254\7278266_mapped_official_1.20.1\legendary-survival-overhaul-840254-7278266_mapped_official_1.20.1.jar
[13Sep2026 16:59:48.242] [main/DEBUG] [net.minecraftforge.fml.loading.moddiscovery.ModFileInfo/LOADING]: Found valid mod file legendary-survival-overhaul-840254-7278266_mapped_official_1.20.1.jar with {legendarysurvivaloverhaul} mods - versions {1.20.1-2.3.24.6}
[13Sep2026 16:59:48.242] [main/DEBUG] [net.minecraftforge.fml.loading.moddiscovery.ModFileParser/LOADING]: Considering mod file candidate C:\Users\kylie\.gradle\caches\forge_gradle\deobf_dependencies\curse\maven\jade-324717\5876199_mapped_official_1.20.1\jade-324717-5876199_mapped_official_1.20.1.jar
[13Sep2026 16:59:48.242] [main/DEBUG] [net.minecraftforge.fml.loading.moddiscovery.ModFileInfo/LOADING]: Found valid mod file jade-324717-5876199_mapped_official_1.20.1.jar with {jade} mods - versions {11.12.2+forge}
[13Sep2026 16:59:48.242] [main/DEBUG] [net.minecraftforge.fml.loading.moddiscovery.ModFileParser/LOADING]: Considering mod file candidate C:\Users\kylie\.gradle\caches\forge_gradle\deobf_dependencies\curse\maven\xaeros-minimap-263420\6012833_mapped_official_1.20.1\xaeros-minimap-263420-6012833_mapped_official_1.20.1.jar
[13Sep2026 16:59:48.242] [main/DEBUG] [net.minecraftforge.fml.loading.moddiscovery.ModFileInfo/LOADING]: Found valid mod file xaeros-minimap-263420-6012833_mapped_official_1.20.1.jar with {xaerominimap} mods - versions {24.7.1}
[13Sep2026 16:59:48.242] [main/DEBUG] [net.minecraftforge.fml.loading.moddiscovery.ModFileParser/LOADING]: Considering mod file candidate C:\Users\kylie\.gradle\caches\forge_gradle\deobf_dependencies\curse\maven\jei-238222\6075247_mapped_official_1.20.1\jei-238222-6075247_mapped_official_1.20.1.jar
[13Sep2026 16:59:48.242] [main/DEBUG] [net.minecraftforge.fml.loading.moddiscovery.ModFileInfo/LOADING]: Found valid mod file jei-238222-6075247_mapped_official_1.20.1.jar with {jei} mods - versions {15.20.0.106}
[13Sep2026 16:59:48.242] [main/DEBUG] [net.minecraftforge.fml.loading.moddiscovery.ModFileParser/LOADING]: Considering mod file candidate C:\Users\kylie\.gradle\caches\forge_gradle\deobf_dependencies\curse\maven\worldedit-225608\4586218_mapped_official_1.20.1\worldedit-225608-4586218_mapped_official_1.20.1.jar
[13Sep2026 16:59:48.257] [main/DEBUG] [net.minecraftforge.fml.loading.moddiscovery.ModFileInfo/LOADING]: Found valid mod file worldedit-225608-4586218_mapped_official_1.20.1.jar with {worldedit} mods - versions {7.2.15+6463-5ca4dff}
[13Sep2026 16:59:48.257] [main/DEBUG] [net.minecraftforge.fml.loading.moddiscovery.ModFileParser/LOADING]: Considering mod file candidate C:\Users\kylie\.gradle\caches\forge_gradle\deobf_dependencies\vazkii\patchouli\Patchouli\1.20.1-84.1-FORGE_mapped_official_1.20.1\Patchouli-1.20.1-84.1-FORGE_mapped_official_1.20.1.jar
[13Sep2026 16:59:48.257] [main/DEBUG] [net.minecraftforge.fml.loading.moddiscovery.ModFileInfo/LOADING]: Found valid mod file Patchouli-1.20.1-84.1-FORGE_mapped_official_1.20.1.jar with {patchouli} mods - versions {1.20.1-84.1-FORGE}
[13Sep2026 16:59:48.264] [main/DEBUG] [net.minecraftforge.fml.loading.moddiscovery.ModFileParser/LOADING]: Considering mod file candidate C:\Users\kylie\.gradle\caches\forge_gradle\deobf_dependencies\mezz\jei\jei-1.20.1-forge\15.20.0.129_mapped_official_1.20.1\jei-1.20.1-forge-15.20.0.129_mapped_official_1.20.1.jar
[13Sep2026 16:59:48.264] [main/DEBUG] [net.minecraftforge.fml.loading.moddiscovery.ModFileInfo/LOADING]: Found valid mod file jei-1.20.1-forge-15.20.0.129_mapped_official_1.20.1.jar with {jei} mods - versions {15.20.0.129}
[13Sep2026 16:59:48.264] [main/DEBUG] [net.minecraftforge.fml.loading.moddiscovery.ModFileParser/LOADING]: Considering mod file candidate C:\Users\kylie\.gradle\caches\forge_gradle\deobf_dependencies\curse\maven\dragns-crop-overhaul-1357111\7948591_mapped_official_1.20.1\dragns-crop-overhaul-1357111-7948591_mapped_official_1.20.1.jar
[13Sep2026 16:59:48.264] [main/DEBUG] [net.minecraftforge.fml.loading.moddiscovery.ModFileInfo/LOADING]: Found valid mod file dragns-crop-overhaul-1357111-7948591_mapped_official_1.20.1.jar with {dragncrops} mods - versions {1.2}
[13Sep2026 16:59:48.264] [main/DEBUG] [net.minecraftforge.fml.loading.moddiscovery.ModFileParser/LOADING]: Considering mod file candidate C:\Users\kylie\.gradle\caches\forge_gradle\deobf_dependencies\curse\maven\spoiled-364918\6828889_mapped_official_1.20.1\spoiled-364918-6828889_mapped_official_1.20.1.jar
[13Sep2026 16:59:48.264] [main/DEBUG] [net.minecraftforge.fml.loading.moddiscovery.ModFileInfo/LOADING]: Found valid mod file spoiled-364918-6828889_mapped_official_1.20.1.jar with {spoiled} mods - versions {2.2.0}
[13Sep2026 16:59:48.264] [main/DEBUG] [net.minecraftforge.fml.loading.moddiscovery.ModFileParser/LOADING]: Considering mod file candidate C:\Users\kylie\.gradle\caches\forge_gradle\deobf_dependencies\curse\maven\serene-seasons-291874\6398227_mapped_official_1.20.1\serene-seasons-291874-6398227_mapped_official_1.20.1.jar
[13Sep2026 16:59:48.264] [main/DEBUG] [net.minecraftforge.fml.loading.moddiscovery.ModFileInfo/LOADING]: Found valid mod file serene-seasons-291874-6398227_mapped_official_1.20.1.jar with {sereneseasons} mods - versions {9.1.0.2}
[13Sep2026 16:59:48.264] [main/DEBUG] [net.minecraftforge.fml.loading.moddiscovery.ModFileParser/LOADING]: Considering mod file candidate C:\Users\kylie\.gradle\caches\forge_gradle\deobf_dependencies\curse\maven\glitchcore-955399\5787839_mapped_official_1.20.1\glitchcore-955399-5787839_mapped_official_1.20.1.jar
[13Sep2026 16:59:48.264] [main/DEBUG] [net.minecraftforge.fml.loading.moddiscovery.ModFileInfo/LOADING]: Found valid mod file glitchcore-955399-5787839_mapped_official_1.20.1.jar with {glitchcore} mods - versions {0.0.1.1}
[13Sep2026 16:59:48.280] [main/DEBUG] [net.minecraftforge.fml.loading.moddiscovery.ModFileParser/LOADING]: Considering mod file candidate C:\Users\kylie\.gradle\caches\forge_gradle\deobf_dependencies\curse\maven\legendary-survival-overhaul-840254\7278266_mapped_official_1.20.1\legendary-survival-overhaul-840254-7278266_mapped_official_1.20.1.jar
[13Sep2026 16:59:48.280] [main/DEBUG] [net.minecraftforge.fml.loading.moddiscovery.ModFileInfo/LOADING]: Found valid mod file legendary-survival-overhaul-840254-7278266_mapped_official_1.20.1.jar with {legendarysurvivaloverhaul} mods - versions {1.20.1-2.3.24.6}
[13Sep2026 16:59:48.280] [main/DEBUG] [net.minecraftforge.fml.loading.moddiscovery.ModFileParser/LOADING]: Considering mod file candidate C:\Users\kylie\.gradle\caches\forge_gradle\deobf_dependencies\curse\maven\jade-324717\5876199_mapped_official_1.20.1\jade-324717-5876199_mapped_official_1.20.1.jar
[13Sep2026 16:59:48.280] [main/DEBUG] [net.minecraftforge.fml.loading.moddiscovery.ModFileInfo/LOADING]: Found valid mod file jade-324717-5876199_mapped_official_1.20.1.jar with {jade} mods - versions {11.12.2+forge}
[13Sep2026 16:59:48.280] [main/DEBUG] [net.minecraftforge.fml.loading.moddiscovery.ModFileParser/LOADING]: Considering mod file candidate C:\Users\kylie\.gradle\caches\forge_gradle\deobf_dependencies\curse\maven\xaeros-minimap-263420\6012833_mapped_official_1.20.1\xaeros-minimap-263420-6012833_mapped_official_1.20.1.jar
[13Sep2026 16:59:48.280] [main/DEBUG] [net.minecraftforge.fml.loading.moddiscovery.ModFileInfo/LOADING]: Found valid mod file xaeros-minimap-263420-6012833_mapped_official_1.20.1.jar with {xaerominimap} mods - versions {24.7.1}
[13Sep2026 16:59:48.280] [main/DEBUG] [net.minecraftforge.fml.loading.moddiscovery.ModFileParser/LOADING]: Considering mod file candidate C:\Users\kylie\.gradle\caches\forge_gradle\deobf_dependencies\curse\maven\jei-238222\6075247_mapped_official_1.20.1\jei-238222-6075247_mapped_official_1.20.1.jar
[13Sep2026 16:59:48.280] [main/DEBUG] [net.minecraftforge.fml.loading.moddiscovery.ModFileInfo/LOADING]: Found valid mod file jei-238222-6075247_mapped_official_1.20.1.jar with {jei} mods - versions {15.20.0.106}
[13Sep2026 16:59:48.295] [main/DEBUG] [net.minecraftforge.fml.loading.moddiscovery.ModFileParser/LOADING]: Considering mod file candidate C:\Users\kylie\.gradle\caches\forge_gradle\deobf_dependencies\curse\maven\worldedit-225608\4586218_mapped_official_1.20.1\worldedit-225608-4586218_mapped_official_1.20.1.jar
[13Sep2026 16:59:48.295] [main/DEBUG] [net.minecraftforge.fml.loading.moddiscovery.ModFileInfo/LOADING]: Found valid mod file worldedit-225608-4586218_mapped_official_1.20.1.jar with {worldedit} mods - versions {7.2.15+6463-5ca4dff}
[13Sep2026 16:59:48.295] [main/DEBUG] [net.minecraftforge.fml.loading.moddiscovery.ModFileParser/LOADING]: Considering mod file candidate C:\Users\kylie\.gradle\caches\forge_gradle\deobf_dependencies\vazkii\patchouli\Patchouli\1.20.1-84.1-FORGE_mapped_official_1.20.1\Patchouli-1.20.1-84.1-FORGE_mapped_official_1.20.1.jar
[13Sep2026 16:59:48.295] [main/DEBUG] [net.minecraftforge.fml.loading.moddiscovery.ModFileInfo/LOADING]: Found valid mod file Patchouli-1.20.1-84.1-FORGE_mapped_official_1.20.1.jar with {patchouli} mods - versions {1.20.1-84.1-FORGE}
[13Sep2026 16:59:48.295] [main/DEBUG] [net.minecraftforge.fml.loading.moddiscovery.ModFileParser/LOADING]: Considering mod file candidate C:\Users\kylie\.gradle\caches\forge_gradle\deobf_dependencies\mezz\jei\jei-1.20.1-forge\15.20.0.129_mapped_official_1.20.1\jei-1.20.1-forge-15.20.0.129_mapped_official_1.20.1.jar
[13Sep2026 16:59:48.295] [main/DEBUG] [net.minecraftforge.fml.loading.moddiscovery.ModFileInfo/LOADING]: Found valid mod file jei-1.20.1-forge-15.20.0.129_mapped_official_1.20.1.jar with {jei} mods - versions {15.20.0.129}
[13Sep2026 16:59:48.295] [main/DEBUG] [net.minecraftforge.fml.loading.UniqueModListBuilder/]: Found 2 mods for first modid sereneseasons, selecting most recent based on version data
[13Sep2026 16:59:48.295] [main/DEBUG] [net.minecraftforge.fml.loading.UniqueModListBuilder/]: Selected file serene-seasons-291874-6398227_mapped_official_1.20.1.jar for modid sereneseasons with version 9.1.0.2
[13Sep2026 16:59:48.295] [main/DEBUG] [net.minecraftforge.fml.loading.UniqueModListBuilder/]: Found 2 mods for first modid legendarysurvivaloverhaul, selecting most recent based on version data
[13Sep2026 16:59:48.295] [main/DEBUG] [net.minecraftforge.fml.loading.UniqueModListBuilder/]: Selected file legendary-survival-overhaul-840254-7278266_mapped_official_1.20.1.jar for modid legendarysurvivaloverhaul with version 1.20.1-2.3.24.6
[13Sep2026 16:59:48.295] [main/DEBUG] [net.minecraftforge.fml.loading.UniqueModListBuilder/]: Found 2 mods for first modid glitchcore, selecting most recent based on version data
[13Sep2026 16:59:48.295] [main/DEBUG] [net.minecraftforge.fml.loading.UniqueModListBuilder/]: Selected file glitchcore-955399-5787839_mapped_official_1.20.1.jar for modid glitchcore with version 0.0.1.1
[13Sep2026 16:59:48.295] [main/DEBUG] [net.minecraftforge.fml.loading.UniqueModListBuilder/]: Found 2 mods for first modid worldedit, selecting most recent based on version data
[13Sep2026 16:59:48.295] [main/DEBUG] [net.minecraftforge.fml.loading.UniqueModListBuilder/]: Selected file worldedit-225608-4586218_mapped_official_1.20.1.jar for modid worldedit with version 7.2.15+6463-5ca4dff
[13Sep2026 16:59:48.295] [main/DEBUG] [net.minecraftforge.fml.loading.UniqueModListBuilder/]: Found 2 mods for first modid jade, selecting most recent based on version data
[13Sep2026 16:59:48.295] [main/DEBUG] [net.minecraftforge.fml.loading.UniqueModListBuilder/]: Selected file jade-324717-5876199_mapped_official_1.20.1.jar for modid jade with version 11.12.2+forge
[13Sep2026 16:59:48.295] [main/DEBUG] [net.minecraftforge.fml.loading.UniqueModListBuilder/]: Found 2 mods for first modid spoiled, selecting most recent based on version data
[13Sep2026 16:59:48.295] [main/DEBUG] [net.minecraftforge.fml.loading.UniqueModListBuilder/]: Selected file spoiled-364918-6828889_mapped_official_1.20.1.jar for modid spoiled with version 2.2.0
[13Sep2026 16:59:48.295] [main/DEBUG] [net.minecraftforge.fml.loading.UniqueModListBuilder/]: Found 4 mods for first modid jei, selecting most recent based on version data
[13Sep2026 16:59:48.295] [main/DEBUG] [net.minecraftforge.fml.loading.UniqueModListBuilder/]: Selected file jei-1.20.1-forge-15.20.0.129_mapped_official_1.20.1.jar for modid jei with version 15.20.0.129
[13Sep2026 16:59:48.295] [main/DEBUG] [net.minecraftforge.fml.loading.UniqueModListBuilder/]: Found 2 mods for first modid dragncrops, selecting most recent based on version data
[13Sep2026 16:59:48.295] [main/DEBUG] [net.minecraftforge.fml.loading.UniqueModListBuilder/]: Selected file dragns-crop-overhaul-1357111-7948591_mapped_official_1.20.1.jar for modid dragncrops with version 1.2
[13Sep2026 16:59:48.295] [main/DEBUG] [net.minecraftforge.fml.loading.UniqueModListBuilder/]: Found 2 mods for first modid patchouli, selecting most recent based on version data
[13Sep2026 16:59:48.295] [main/DEBUG] [net.minecraftforge.fml.loading.UniqueModListBuilder/]: Selected file Patchouli-1.20.1-84.1-FORGE_mapped_official_1.20.1.jar for modid patchouli with version 1.20.1-84.1-FORGE
[13Sep2026 16:59:48.295] [main/DEBUG] [net.minecraftforge.fml.loading.UniqueModListBuilder/]: Found 2 mods for first modid xaerominimap, selecting most recent based on version data
[13Sep2026 16:59:48.295] [main/DEBUG] [net.minecraftforge.fml.loading.UniqueModListBuilder/]: Selected file xaeros-minimap-263420-6012833_mapped_official_1.20.1.jar for modid xaerominimap with version 24.7.1
[13Sep2026 16:59:48.311] [main/DEBUG] [net.minecraftforge.fml.loading.moddiscovery.AbstractJarFileDependencyLocator/]: Failed to load resource META-INF\jarjar\metadata.json from serene-seasons-291874-6398227_mapped_official_1.20.1.jar, it does not contain dependency information.
[13Sep2026 16:59:48.311] [main/DEBUG] [net.minecraftforge.fml.loading.moddiscovery.AbstractJarFileDependencyLocator/]: Failed to load resource META-INF\jarjar\metadata.json from forge-1.20.1-47.3.0_mapped_official_1.20.1-recomp.jar, it does not contain dependency information.
[13Sep2026 16:59:48.311] [main/DEBUG] [net.minecraftforge.fml.loading.moddiscovery.AbstractJarFileDependencyLocator/]: Failed to load resource META-INF\jarjar\metadata.json from legendary-survival-overhaul-840254-7278266_mapped_official_1.20.1.jar, it does not contain dependency information.
[13Sep2026 16:59:48.311] [main/DEBUG] [net.minecraftforge.fml.loading.moddiscovery.AbstractJarFileDependencyLocator/]: Failed to load resource META-INF\jarjar\metadata.json from glitchcore-955399-5787839_mapped_official_1.20.1.jar, it does not contain dependency information.
[13Sep2026 16:59:48.311] [main/DEBUG] [net.minecraftforge.fml.loading.moddiscovery.AbstractJarFileDependencyLocator/]: Failed to load resource META-INF\jarjar\metadata.json from worldedit-225608-4586218_mapped_official_1.20.1.jar, it does not contain dependency information.
[13Sep2026 16:59:48.311] [main/DEBUG] [net.minecraftforge.fml.loading.moddiscovery.AbstractJarFileDependencyLocator/]: Failed to load resource META-INF\jarjar\metadata.json from jade-324717-5876199_mapped_official_1.20.1.jar, it does not contain dependency information.
[13Sep2026 16:59:48.311] [main/DEBUG] [net.minecraftforge.fml.loading.moddiscovery.AbstractJarFileDependencyLocator/]: Failed to load resource META-INF\jarjar\metadata.json from main, it does not contain dependency information.
[13Sep2026 16:59:48.311] [main/DEBUG] [net.minecraftforge.fml.loading.moddiscovery.AbstractJarFileDependencyLocator/]: Failed to load resource META-INF\jarjar\metadata.json from spoiled-364918-6828889_mapped_official_1.20.1.jar, it does not contain dependency information.
[13Sep2026 16:59:48.311] [main/DEBUG] [net.minecraftforge.fml.loading.moddiscovery.AbstractJarFileDependencyLocator/]: Failed to load resource META-INF\jarjar\metadata.json from jei-1.20.1-forge-15.20.0.129_mapped_official_1.20.1.jar, it does not contain dependency information.
[13Sep2026 16:59:48.311] [main/DEBUG] [net.minecraftforge.fml.loading.moddiscovery.AbstractJarFileDependencyLocator/]: Failed to load resource META-INF\jarjar\metadata.json from dragns-crop-overhaul-1357111-7948591_mapped_official_1.20.1.jar, it does not contain dependency information.
[13Sep2026 16:59:48.311] [main/DEBUG] [net.minecraftforge.fml.loading.moddiscovery.AbstractJarFileDependencyLocator/]: Failed to load resource META-INF\jarjar\metadata.json from , it does not contain dependency information.
[13Sep2026 16:59:48.311] [main/DEBUG] [net.minecraftforge.fml.loading.moddiscovery.AbstractJarFileDependencyLocator/]: Failed to load resource META-INF\jarjar\metadata.json from Patchouli-1.20.1-84.1-FORGE_mapped_official_1.20.1.jar, it does not contain dependency information.
[13Sep2026 16:59:48.311] [main/DEBUG] [net.minecraftforge.fml.loading.moddiscovery.AbstractJarFileDependencyLocator/]: Failed to load resource META-INF\jarjar\metadata.json from xaeros-minimap-263420-6012833_mapped_official_1.20.1.jar, it does not contain dependency information.
[13Sep2026 16:59:48.311] [main/DEBUG] [net.minecraftforge.fml.loading.moddiscovery.AbstractJarFileDependencyLocator/]: Failed to load resource META-INF\jarjar\metadata.json from mclanguage-1.20.1-47.3.0.jar, it does not contain dependency information.
[13Sep2026 16:59:48.311] [main/DEBUG] [net.minecraftforge.fml.loading.moddiscovery.AbstractJarFileDependencyLocator/]: Failed to load resource META-INF\jarjar\metadata.json from javafmllanguage-1.20.1-47.3.0.jar, it does not contain dependency information.
[13Sep2026 16:59:48.311] [main/DEBUG] [net.minecraftforge.fml.loading.moddiscovery.AbstractJarFileDependencyLocator/]: Failed to load resource META-INF\jarjar\metadata.json from fmlcore-1.20.1-47.3.0.jar, it does not contain dependency information.
[13Sep2026 16:59:48.311] [main/DEBUG] [net.minecraftforge.fml.loading.moddiscovery.AbstractJarFileDependencyLocator/]: Failed to load resource META-INF\jarjar\metadata.json from lowcodelanguage-1.20.1-47.3.0.jar, it does not contain dependency information.
[13Sep2026 16:59:48.328] [main/INFO] [net.minecraftforge.fml.loading.moddiscovery.JarInJarDependencyLocator/]: No dependencies to load found. Skipping!
[13Sep2026 16:59:48.328] [main/DEBUG] [net.minecraftforge.fml.loading.moddiscovery.ModFileInfo/LOADING]: Found valid mod file forge-1.20.1-47.3.0_mapped_official_1.20.1-recomp.jar with {minecraft} mods - versions {1.20.1}
[13Sep2026 16:59:48.328] [main/DEBUG] [net.minecraftforge.fml.loading.moddiscovery.ModFile/LOADING]: Loading mod file C:\Users\kylie\.gradle\caches\forge_gradle\minecraft_user_repo\net\minecraftforge\forge\1.20.1-47.3.0_mapped_official_1.20.1\forge-1.20.1-47.3.0_mapped_official_1.20.1-recomp.jar with languages [LanguageSpec[languageName=minecraft, acceptedVersions=1]]
[13Sep2026 16:59:48.328] [main/DEBUG] [net.minecraftforge.fml.loading.moddiscovery.ModFileParser/LOADING]: Considering mod file candidate C:\Users\kylie\.gradle\caches\forge_gradle\deobf_dependencies\curse\maven\serene-seasons-291874\6398227_mapped_official_1.20.1\serene-seasons-291874-6398227_mapped_official_1.20.1.jar
[13Sep2026 16:59:48.328] [main/DEBUG] [net.minecraftforge.fml.loading.moddiscovery.ModFileInfo/LOADING]: Found valid mod file serene-seasons-291874-6398227_mapped_official_1.20.1.jar with {sereneseasons} mods - versions {9.1.0.2}
[13Sep2026 16:59:48.328] [main/DEBUG] [net.minecraftforge.fml.loading.moddiscovery.ModFile/LOADING]: Loading mod file C:\Users\kylie\.gradle\caches\forge_gradle\deobf_dependencies\curse\maven\serene-seasons-291874\6398227_mapped_official_1.20.1\serene-seasons-291874-6398227_mapped_official_1.20.1.jar with languages [LanguageSpec[languageName=javafml, acceptedVersions=[47,)]]
[13Sep2026 16:59:48.328] [main/DEBUG] [net.minecraftforge.fml.loading.moddiscovery.ModFileParser/LOADING]: Considering mod file candidate C:\Users\kylie\.gradle\caches\forge_gradle\deobf_dependencies\curse\maven\dragns-crop-overhaul-1357111\7948591_mapped_official_1.20.1\dragns-crop-overhaul-1357111-7948591_mapped_official_1.20.1.jar
[13Sep2026 16:59:48.328] [main/DEBUG] [net.minecraftforge.fml.loading.moddiscovery.ModFileInfo/LOADING]: Found valid mod file dragns-crop-overhaul-1357111-7948591_mapped_official_1.20.1.jar with {dragncrops} mods - versions {1.2}
[13Sep2026 16:59:48.328] [main/DEBUG] [net.minecraftforge.fml.loading.moddiscovery.ModFile/LOADING]: Loading mod file C:\Users\kylie\.gradle\caches\forge_gradle\deobf_dependencies\curse\maven\dragns-crop-overhaul-1357111\7948591_mapped_official_1.20.1\dragns-crop-overhaul-1357111-7948591_mapped_official_1.20.1.jar with languages [LanguageSpec[languageName=javafml, acceptedVersions=47,)]]
[13Sep2026 16:59:48.328] [main/DEBUG] [net.minecraftforge.fml.loading.moddiscovery.ModFileParser/LOADING]: Considering mod file candidate C:\Users\kylie\.gradle\caches\forge_gradle\deobf_dependencies\curse\maven\legendary-survival-overhaul-840254\7278266_mapped_official_1.20.1\legendary-survival-overhaul-840254-7278266_mapped_official_1.20.1.jar
[13Sep2026 16:59:48.328] [main/DEBUG] [net.minecraftforge.fml.loading.moddiscovery.ModFileInfo/LOADING]: Found valid mod file legendary-survival-overhaul-840254-7278266_mapped_official_1.20.1.jar with {legendarysurvivaloverhaul} mods - versions {1.20.1-2.3.24.6}
[13Sep2026 16:59:48.328] [main/DEBUG] [net.minecraftforge.fml.loading.moddiscovery.ModFile/LOADING]: Loading mod file C:\Users\kylie\.gradle\caches\forge_gradle\deobf_dependencies\curse\maven\legendary-survival-overhaul-840254\7278266_mapped_official_1.20.1\legendary-survival-overhaul-840254-7278266_mapped_official_1.20.1.jar with languages [LanguageSpec[languageName=javafml, acceptedVersions=[47,)]]
[13Sep2026 16:59:48.328] [main/DEBUG] [net.minecraftforge.fml.loading.moddiscovery.ModFileParser/LOADING]: Considering mod file candidate C:\Users\kylie\.gradle\caches\forge_gradle\deobf_dependencies\curse\maven\glitchcore-955399\5787839_mapped_official_1.20.1\glitchcore-955399-5787839_mapped_official_1.20.1.jar
[13Sep2026 16:59:48.328] [main/DEBUG] [net.minecraftforge.fml.loading.moddiscovery.ModFileInfo/LOADING]: Found valid mod file glitchcore-955399-5787839_mapped_official_1.20.1.jar with {glitchcore} mods - versions {0.0.1.1}
[13Sep2026 16:59:48.328] [main/DEBUG] [net.minecraftforge.fml.loading.moddiscovery.ModFile/LOADING]: Loading mod file C:\Users\kylie\.gradle\caches\forge_gradle\deobf_dependencies\curse\maven\glitchcore-955399\5787839_mapped_official_1.20.1\glitchcore-955399-5787839_mapped_official_1.20.1.jar with languages [LanguageSpec[languageName=javafml, acceptedVersions=[47,)]]
[13Sep2026 16:59:48.328] [main/DEBUG] [net.minecraftforge.fml.loading.moddiscovery.ModFileParser/LOADING]: Considering mod file candidate /
[13Sep2026 16:59:48.328] [main/DEBUG] [net.minecraftforge.fml.loading.moddiscovery.ModFileInfo/LOADING]: Found valid mod file  with {forge} mods - versions {47.3.0}
[13Sep2026 16:59:48.328] [main/DEBUG] [net.minecraftforge.fml.loading.moddiscovery.ModFile/LOADING]: Loading mod file / with languages [LanguageSpec[languageName=javafml, acceptedVersions=[24,]]]
[13Sep2026 16:59:48.364] [main/DEBUG] [net.minecraftforge.fml.loading.moddiscovery.ModFileParser/LOADING]: Found coremod field_to_method with Javascript path coremods/field_to_method.js
[13Sep2026 16:59:48.364] [main/DEBUG] [net.minecraftforge.fml.loading.moddiscovery.ModFileParser/LOADING]: Found coremod field_to_instanceof with Javascript path coremods/field_to_instanceof.js
[13Sep2026 16:59:48.364] [main/DEBUG] [net.minecraftforge.fml.loading.moddiscovery.ModFileParser/LOADING]: Found coremod add_bouncer_method with Javascript path coremods/add_bouncer_method.js
[13Sep2026 16:59:48.364] [main/DEBUG] [net.minecraftforge.fml.loading.moddiscovery.ModFileParser/LOADING]: Found coremod method_redirector with Javascript path coremods/method_redirector.js
[13Sep2026 16:59:48.364] [main/DEBUG] [net.minecraftforge.fml.loading.moddiscovery.ModFile/LOADING]: Found coremod coremods/field_to_method.js
[13Sep2026 16:59:48.364] [main/DEBUG] [net.minecraftforge.fml.loading.moddiscovery.ModFile/LOADING]: Found coremod coremods/field_to_instanceof.js
[13Sep2026 16:59:48.364] [main/DEBUG] [net.minecraftforge.fml.loading.moddiscovery.ModFile/LOADING]: Found coremod coremods/add_bouncer_method.js
[13Sep2026 16:59:48.364] [main/DEBUG] [net.minecraftforge.fml.loading.moddiscovery.ModFile/LOADING]: Found coremod coremods/method_redirector.js
[13Sep2026 16:59:48.364] [main/DEBUG] [net.minecraftforge.fml.loading.moddiscovery.ModFileParser/LOADING]: Considering mod file candidate C:\Users\kylie\.gradle\caches\forge_gradle\deobf_dependencies\curse\maven\worldedit-225608\4586218_mapped_official_1.20.1\worldedit-225608-4586218_mapped_official_1.20.1.jar
[13Sep2026 16:59:48.364] [main/DEBUG] [net.minecraftforge.fml.loading.moddiscovery.ModFileInfo/LOADING]: Found valid mod file worldedit-225608-4586218_mapped_official_1.20.1.jar with {worldedit} mods - versions {7.2.15+6463-5ca4dff}
[13Sep2026 16:59:48.364] [main/DEBUG] [net.minecraftforge.fml.loading.moddiscovery.ModFile/LOADING]: Loading mod file C:\Users\kylie\.gradle\caches\forge_gradle\deobf_dependencies\curse\maven\worldedit-225608\4586218_mapped_official_1.20.1\worldedit-225608-4586218_mapped_official_1.20.1.jar with languages [LanguageSpec[languageName=javafml, acceptedVersions=[24,)]]
[13Sep2026 16:59:48.364] [main/DEBUG] [net.minecraftforge.fml.loading.moddiscovery.ModFileParser/LOADING]: Considering mod file candidate C:\Users\kylie\.gradle\caches\forge_gradle\deobf_dependencies\vazkii\patchouli\Patchouli\1.20.1-84.1-FORGE_mapped_official_1.20.1\Patchouli-1.20.1-84.1-FORGE_mapped_official_1.20.1.jar
[13Sep2026 16:59:48.364] [main/DEBUG] [net.minecraftforge.fml.loading.moddiscovery.ModFileInfo/LOADING]: Found valid mod file Patchouli-1.20.1-84.1-FORGE_mapped_official_1.20.1.jar with {patchouli} mods - versions {1.20.1-84.1-FORGE}
[13Sep2026 16:59:48.364] [main/DEBUG] [net.minecraftforge.fml.loading.moddiscovery.ModFile/LOADING]: Loading mod file C:\Users\kylie\.gradle\caches\forge_gradle\deobf_dependencies\vazkii\patchouli\Patchouli\1.20.1-84.1-FORGE_mapped_official_1.20.1\Patchouli-1.20.1-84.1-FORGE_mapped_official_1.20.1.jar with languages [LanguageSpec[languageName=javafml, acceptedVersions=[47,)]]
[13Sep2026 16:59:48.364] [main/DEBUG] [net.minecraftforge.fml.loading.moddiscovery.ModFileParser/LOADING]: Considering mod file candidate C:\Users\kylie\.gradle\caches\forge_gradle\deobf_dependencies\curse\maven\jade-324717\5876199_mapped_official_1.20.1\jade-324717-5876199_mapped_official_1.20.1.jar
[13Sep2026 16:59:48.364] [main/DEBUG] [net.minecraftforge.fml.loading.moddiscovery.ModFileInfo/LOADING]: Found valid mod file jade-324717-5876199_mapped_official_1.20.1.jar with {jade} mods - versions {11.12.2+forge}
[13Sep2026 16:59:48.364] [main/DEBUG] [net.minecraftforge.fml.loading.moddiscovery.ModFile/LOADING]: Loading mod file C:\Users\kylie\.gradle\caches\forge_gradle\deobf_dependencies\curse\maven\jade-324717\5876199_mapped_official_1.20.1\jade-324717-5876199_mapped_official_1.20.1.jar with languages [LanguageSpec[languageName=javafml, acceptedVersions=[46,)]]
[13Sep2026 16:59:48.364] [main/DEBUG] [net.minecraftforge.fml.loading.moddiscovery.ModFileParser/LOADING]: Considering mod file candidate C:\Users\kylie\.gradle\caches\forge_gradle\deobf_dependencies\curse\maven\xaeros-minimap-263420\6012833_mapped_official_1.20.1\xaeros-minimap-263420-6012833_mapped_official_1.20.1.jar
[13Sep2026 16:59:48.364] [main/DEBUG] [net.minecraftforge.fml.loading.moddiscovery.ModFileInfo/LOADING]: Found valid mod file xaeros-minimap-263420-6012833_mapped_official_1.20.1.jar with {xaerominimap} mods - versions {24.7.1}
[13Sep2026 16:59:48.364] [main/DEBUG] [net.minecraftforge.fml.loading.moddiscovery.ModFile/LOADING]: Loading mod file C:\Users\kylie\.gradle\caches\forge_gradle\deobf_dependencies\curse\maven\xaeros-minimap-263420\6012833_mapped_official_1.20.1\xaeros-minimap-263420-6012833_mapped_official_1.20.1.jar with languages [LanguageSpec[languageName=javafml, acceptedVersions=[46,48)]]
[13Sep2026 16:59:48.364] [main/DEBUG] [net.minecraftforge.fml.loading.moddiscovery.ModFileParser/LOADING]: Found coremod xaerohud_core with Javascript path META-INF/xaerohud_core.js
[13Sep2026 16:59:48.364] [main/DEBUG] [net.minecraftforge.fml.loading.moddiscovery.ModFile/LOADING]: Found coremod META-INF/xaerohud_core.js
[13Sep2026 16:59:48.364] [main/DEBUG] [net.minecraftforge.fml.loading.moddiscovery.ModFileParser/LOADING]: Considering mod file candidate E:\IntelliJ Projects\Thats_Just_Peachy_Remastered\build\resources\main
[13Sep2026 16:59:48.364] [main/DEBUG] [net.minecraftforge.fml.loading.moddiscovery.ModFileInfo/LOADING]: Found valid mod file main with {thatsjustpeachy} mods - versions {2.0}
[13Sep2026 16:59:48.364] [main/DEBUG] [net.minecraftforge.fml.loading.moddiscovery.ModFile/LOADING]: Loading mod file E:\IntelliJ Projects\Thats_Just_Peachy_Remastered\build\resources\main with languages [LanguageSpec[languageName=javafml, acceptedVersions=47,)]]
[13Sep2026 16:59:48.364] [main/DEBUG] [net.minecraftforge.fml.loading.moddiscovery.ModFileParser/LOADING]: Considering mod file candidate C:\Users\kylie\.gradle\caches\forge_gradle\deobf_dependencies\curse\maven\spoiled-364918\6828889_mapped_official_1.20.1\spoiled-364918-6828889_mapped_official_1.20.1.jar
[13Sep2026 16:59:48.364] [main/DEBUG] [net.minecraftforge.fml.loading.moddiscovery.ModFileInfo/LOADING]: Found valid mod file spoiled-364918-6828889_mapped_official_1.20.1.jar with {spoiled} mods - versions {2.2.0}
[13Sep2026 16:59:48.364] [main/DEBUG] [net.minecraftforge.fml.loading.moddiscovery.ModFile/LOADING]: Loading mod file C:\Users\kylie\.gradle\caches\forge_gradle\deobf_dependencies\curse\maven\spoiled-364918\6828889_mapped_official_1.20.1\spoiled-364918-6828889_mapped_official_1.20.1.jar with languages [LanguageSpec[languageName=javafml, acceptedVersions=[46,)]]
[13Sep2026 16:59:48.364] [main/DEBUG] [net.minecraftforge.fml.loading.moddiscovery.ModFileParser/LOADING]: Considering mod file candidate C:\Users\kylie\.gradle\caches\forge_gradle\deobf_dependencies\mezz\jei\jei-1.20.1-forge\15.20.0.129_mapped_official_1.20.1\jei-1.20.1-forge-15.20.0.129_mapped_official_1.20.1.jar
[13Sep2026 16:59:48.364] [main/DEBUG] [net.minecraftforge.fml.loading.moddiscovery.ModFileInfo/LOADING]: Found valid mod file jei-1.20.1-forge-15.20.0.129_mapped_official_1.20.1.jar with {jei} mods - versions {15.20.0.129}
[13Sep2026 16:59:48.364] [main/DEBUG] [net.minecraftforge.fml.loading.moddiscovery.ModFile/LOADING]: Loading mod file C:\Users\kylie\.gradle\caches\forge_gradle\deobf_dependencies\mezz\jei\jei-1.20.1-forge\15.20.0.129_mapped_official_1.20.1\jei-1.20.1-forge-15.20.0.129_mapped_official_1.20.1.jar with languages [LanguageSpec[languageName=javafml, acceptedVersions=[47,)]]
[13Sep2026 16:59:48.364] [main/DEBUG] [cpw.mods.modlauncher.TransformationServiceDecorator/MODLAUNCHER]: End scan trigger - transformation service fml
[13Sep2026 16:59:48.380] [main/DEBUG] [net.minecraftforge.fml.loading.LanguageLoadingProvider/CORE]: Found 3 language providers
[13Sep2026 16:59:48.380] [main/DEBUG] [net.minecraftforge.fml.loading.LanguageLoadingProvider/CORE]: Found language provider minecraft, version 1.0
[13Sep2026 16:59:48.380] [main/DEBUG] [net.minecraftforge.fml.loading.LanguageLoadingProvider/CORE]: Found language provider lowcodefml, version 47
[13Sep2026 16:59:48.380] [main/DEBUG] [net.minecraftforge.fml.loading.LanguageLoadingProvider/CORE]: Found language provider javafml, version 47
[13Sep2026 16:59:48.380] [main/DEBUG] [net.minecraftforge.fml.loading.ModSorter/]: Configured system mods: [minecraft, forge]
[13Sep2026 16:59:48.380] [main/DEBUG] [net.minecraftforge.fml.loading.ModSorter/]: Found system mod: minecraft
[13Sep2026 16:59:48.380] [main/DEBUG] [net.minecraftforge.fml.loading.ModSorter/]: Found system mod: forge
[13Sep2026 16:59:48.380] [main/DEBUG] [net.minecraftforge.fml.loading.ModSorter/LOADING]: Found 29 mod requirements (22 mandatory, 7 optional)
[13Sep2026 16:59:48.380] [main/DEBUG] [net.minecraftforge.fml.loading.ModSorter/LOADING]: Found 0 mod requirements missing (0 mandatory, 0 optional)
[13Sep2026 16:59:48.664] [main/DEBUG] [net.minecraftforge.fml.loading.MCPNamingService/CORE]: Loaded 33222 method mappings from methods.csv
[13Sep2026 16:59:48.680] [main/DEBUG] [net.minecraftforge.fml.loading.MCPNamingService/CORE]: Loaded 31003 field mappings from fields.csv
[13Sep2026 16:59:48.727] [main/DEBUG] [cpw.mods.modlauncher.TransformationServicesHandler/MODLAUNCHER]: Transformation services loading transformers
[13Sep2026 16:59:48.727] [main/DEBUG] [cpw.mods.modlauncher.TransformationServiceDecorator/MODLAUNCHER]: Initializing transformers for transformation service mixin
[13Sep2026 16:59:48.727] [main/DEBUG] [cpw.mods.modlauncher.TransformationServiceDecorator/MODLAUNCHER]: Initialized transformers for transformation service mixin
[13Sep2026 16:59:48.727] [main/DEBUG] [cpw.mods.modlauncher.TransformationServiceDecorator/MODLAUNCHER]: Initializing transformers for transformation service fml
[13Sep2026 16:59:48.727] [main/DEBUG] [net.minecraftforge.fml.loading.FMLServiceProvider/CORE]: Loading coremod transformers
[13Sep2026 16:59:48.727] [main/DEBUG] [net.minecraftforge.coremod.CoreModEngine/COREMOD]: Loading CoreMod from coremods/field_to_method.js
[13Sep2026 16:59:48.827] [main/DEBUG] [net.minecraftforge.coremod.CoreModEngine/COREMOD]: CoreMod loaded successfully
[13Sep2026 16:59:48.827] [main/DEBUG] [net.minecraftforge.coremod.CoreModEngine/COREMOD]: Loading CoreMod from coremods/field_to_instanceof.js
[13Sep2026 16:59:48.864] [main/DEBUG] [net.minecraftforge.coremod.CoreModEngine/COREMOD]: CoreMod loaded successfully
[13Sep2026 16:59:48.864] [main/DEBUG] [net.minecraftforge.coremod.CoreModEngine/COREMOD]: Loading CoreMod from coremods/add_bouncer_method.js
[13Sep2026 16:59:48.896] [main/DEBUG] [net.minecraftforge.coremod.CoreModEngine/COREMOD]: CoreMod loaded successfully
[13Sep2026 16:59:48.896] [main/DEBUG] [net.minecraftforge.coremod.CoreModEngine/COREMOD]: Loading CoreMod from coremods/method_redirector.js
[13Sep2026 16:59:48.927] [main/DEBUG] [net.minecraftforge.coremod.CoreModEngine/COREMOD]: CoreMod loaded successfully
[13Sep2026 16:59:48.927] [main/DEBUG] [net.minecraftforge.coremod.CoreModEngine/COREMOD]: Loading CoreMod from META-INF/xaerohud_core.js
[13Sep2026 16:59:48.980] [main/DEBUG] [net.minecraftforge.coremod.CoreModEngine/COREMOD]: CoreMod loaded successfully
[13Sep2026 16:59:48.980] [main/DEBUG] [cpw.mods.modlauncher.TransformStore/MODLAUNCHER]: Adding transformer net.minecraftforge.coremod.transformer.CoreModClassTransformer@4733f6f5 to Target : CLASS {Lnet/minecraft/world/level/biome/Biome;} {} {V}
[13Sep2026 16:59:48.996] [main/DEBUG] [cpw.mods.modlauncher.TransformStore/MODLAUNCHER]: Adding transformer net.minecraftforge.coremod.transformer.CoreModClassTransformer@66a53104 to Target : CLASS {Lnet/minecraft/world/level/levelgen/structure/Structure;} {} {V}
[13Sep2026 16:59:48.996] [main/DEBUG] [cpw.mods.modlauncher.TransformStore/MODLAUNCHER]: Adding transformer net.minecraftforge.coremod.transformer.CoreModClassTransformer@6d229b1c to Target : CLASS {Lnet/minecraft/world/effect/MobEffectInstance;} {} {V}
[13Sep2026 16:59:48.996] [main/DEBUG] [cpw.mods.modlauncher.TransformStore/MODLAUNCHER]: Adding transformer net.minecraftforge.coremod.transformer.CoreModClassTransformer@6f825516 to Target : CLASS {Lnet/minecraft/world/level/block/LiquidBlock;} {} {V}
[13Sep2026 16:59:48.996] [main/DEBUG] [cpw.mods.modlauncher.TransformStore/MODLAUNCHER]: Adding transformer net.minecraftforge.coremod.transformer.CoreModClassTransformer@2da99821 to Target : CLASS {Lnet/minecraft/world/item/BucketItem;} {} {V}
[13Sep2026 16:59:48.996] [main/DEBUG] [cpw.mods.modlauncher.TransformStore/MODLAUNCHER]: Adding transformer net.minecraftforge.coremod.transformer.CoreModClassTransformer@62cba181 to Target : CLASS {Lnet/minecraft/world/level/block/StairBlock;} {} {V}
[13Sep2026 16:59:48.996] [main/DEBUG] [cpw.mods.modlauncher.TransformStore/MODLAUNCHER]: Adding transformer net.minecraftforge.coremod.transformer.CoreModClassTransformer@1b482cbf to Target : CLASS {Lnet/minecraft/world/level/block/FlowerPotBlock;} {} {V}
[13Sep2026 16:59:48.996] [main/DEBUG] [cpw.mods.modlauncher.TransformStore/MODLAUNCHER]: Adding transformer net.minecraftforge.coremod.transformer.CoreModClassTransformer@661fe025 to Target : CLASS {Lnet/minecraft/world/item/ItemStack;} {} {V}
[13Sep2026 16:59:48.996] [main/DEBUG] [cpw.mods.modlauncher.TransformStore/MODLAUNCHER]: Adding transformer net.minecraftforge.coremod.transformer.CoreModClassTransformer@7161457 to Target : CLASS {Lnet/minecraft/network/play/client/CClientSettingsPacket;} {} {V}
[13Sep2026 16:59:48.996] [main/DEBUG] [cpw.mods.modlauncher.TransformStore/MODLAUNCHER]: Adding transformer net.minecraftforge.coremod.transformer.CoreModClassTransformer@38ee7a9d to Target : CLASS {Lnet/minecraft/world/entity/monster/Strider;} {} {V}
[13Sep2026 16:59:48.996] [main/DEBUG] [cpw.mods.modlauncher.TransformStore/MODLAUNCHER]: Adding transformer net.minecraftforge.coremod.transformer.CoreModClassTransformer@38ee7a9d to Target : CLASS {Lnet/minecraft/world/level/levelgen/structure/structures/WoodlandMansionPieces$WoodlandMansionPiece;} {} {V}
[13Sep2026 16:59:48.996] [main/DEBUG] [cpw.mods.modlauncher.TransformStore/MODLAUNCHER]: Adding transformer net.minecraftforge.coremod.transformer.CoreModClassTransformer@38ee7a9d to Target : CLASS {Lnet/minecraft/world/level/levelgen/structure/structures/SwampHutPiece;} {} {V}
[13Sep2026 16:59:48.996] [main/DEBUG] [cpw.mods.modlauncher.TransformStore/MODLAUNCHER]: Adding transformer net.minecraftforge.coremod.transformer.CoreModClassTransformer@38ee7a9d to Target : CLASS {Lnet/minecraft/server/commands/SummonCommand;} {} {V}
[13Sep2026 16:59:48.996] [main/DEBUG] [cpw.mods.modlauncher.TransformStore/MODLAUNCHER]: Adding transformer net.minecraftforge.coremod.transformer.CoreModClassTransformer@38ee7a9d to Target : CLASS {Lnet/minecraft/world/entity/monster/Evoker$EvokerSummonSpellGoal;} {} {V}
[13Sep2026 16:59:48.996] [main/DEBUG] [cpw.mods.modlauncher.TransformStore/MODLAUNCHER]: Adding transformer net.minecraftforge.coremod.transformer.CoreModClassTransformer@38ee7a9d to Target : CLASS {Lnet/minecraft/world/entity/npc/CatSpawner;} {} {V}
[13Sep2026 16:59:48.996] [main/DEBUG] [cpw.mods.modlauncher.TransformStore/MODLAUNCHER]: Adding transformer net.minecraftforge.coremod.transformer.CoreModClassTransformer@38ee7a9d to Target : CLASS {Lnet/minecraft/world/level/levelgen/PhantomSpawner;} {} {V}
[13Sep2026 16:59:48.996] [main/DEBUG] [cpw.mods.modlauncher.TransformStore/MODLAUNCHER]: Adding transformer net.minecraftforge.coremod.transformer.CoreModClassTransformer@38ee7a9d to Target : CLASS {Lnet/minecraft/world/entity/animal/frog/Tadpole;} {} {V}
[13Sep2026 16:59:48.996] [main/DEBUG] [cpw.mods.modlauncher.TransformStore/MODLAUNCHER]: Adding transformer net.minecraftforge.coremod.transformer.CoreModClassTransformer@38ee7a9d to Target : CLASS {Lnet/minecraft/world/entity/monster/Zombie;} {} {V}
[13Sep2026 16:59:48.996] [main/DEBUG] [cpw.mods.modlauncher.TransformStore/MODLAUNCHER]: Adding transformer net.minecraftforge.coremod.transformer.CoreModClassTransformer@38ee7a9d to Target : CLASS {Lnet/minecraft/world/level/levelgen/structure/templatesystem/StructureTemplate;} {} {V}
[13Sep2026 16:59:48.996] [main/DEBUG] [cpw.mods.modlauncher.TransformStore/MODLAUNCHER]: Adding transformer net.minecraftforge.coremod.transformer.CoreModClassTransformer@38ee7a9d to Target : CLASS {Lnet/minecraft/world/level/levelgen/structure/structures/OceanMonumentPieces$OceanMonumentPiece;} {} {V}
[13Sep2026 16:59:48.996] [main/DEBUG] [cpw.mods.modlauncher.TransformStore/MODLAUNCHER]: Adding transformer net.minecraftforge.coremod.transformer.CoreModClassTransformer@38ee7a9d to Target : CLASS {Lnet/minecraft/server/commands/RaidCommand;} {} {V}
[13Sep2026 16:59:48.996] [main/DEBUG] [cpw.mods.modlauncher.TransformStore/MODLAUNCHER]: Adding transformer net.minecraftforge.coremod.transformer.CoreModClassTransformer@38ee7a9d to Target : CLASS {Lnet/minecraft/world/entity/monster/Spider;} {} {V}
[13Sep2026 16:59:48.996] [main/DEBUG] [cpw.mods.modlauncher.TransformStore/MODLAUNCHER]: Adding transformer net.minecraftforge.coremod.transformer.CoreModClassTransformer@38ee7a9d to Target : CLASS {Lnet/minecraft/world/entity/npc/Villager;} {} {V}
[13Sep2026 16:59:48.996] [main/DEBUG] [cpw.mods.modlauncher.TransformStore/MODLAUNCHER]: Adding transformer net.minecraftforge.coremod.transformer.CoreModClassTransformer@38ee7a9d to Target : CLASS {Lnet/minecraft/world/level/NaturalSpawner;} {} {V}
[13Sep2026 16:59:48.996] [main/DEBUG] [cpw.mods.modlauncher.TransformStore/MODLAUNCHER]: Adding transformer net.minecraftforge.coremod.transformer.CoreModClassTransformer@38ee7a9d to Target : CLASS {Lnet/minecraft/world/entity/EntityType;} {} {V}
[13Sep2026 16:59:48.996] [main/DEBUG] [cpw.mods.modlauncher.TransformStore/MODLAUNCHER]: Adding transformer net.minecraftforge.coremod.transformer.CoreModClassTransformer@38ee7a9d to Target : CLASS {Lnet/minecraft/world/entity/ai/village/VillageSiege;} {} {V}
[13Sep2026 16:59:48.996] [main/DEBUG] [cpw.mods.modlauncher.TransformStore/MODLAUNCHER]: Adding transformer net.minecraftforge.coremod.transformer.CoreModClassTransformer@38ee7a9d to Target : CLASS {Lnet/minecraft/world/level/levelgen/structure/structures/OceanRuinPieces$OceanRuinPiece;} {} {V}
[13Sep2026 16:59:48.996] [main/DEBUG] [cpw.mods.modlauncher.TransformStore/MODLAUNCHER]: Adding transformer net.minecraftforge.coremod.transformer.CoreModClassTransformer@38ee7a9d to Target : CLASS {Lnet/minecraft/world/entity/animal/horse/SkeletonTrapGoal;} {} {V}
[13Sep2026 16:59:48.996] [main/DEBUG] [cpw.mods.modlauncher.TransformStore/MODLAUNCHER]: Adding transformer net.minecraftforge.coremod.transformer.CoreModClassTransformer@38ee7a9d to Target : CLASS {Lnet/minecraft/world/entity/monster/ZombieVillager;} {} {V}
[13Sep2026 16:59:48.996] [main/DEBUG] [cpw.mods.modlauncher.TransformStore/MODLAUNCHER]: Adding transformer net.minecraftforge.coremod.transformer.CoreModClassTransformer@38ee7a9d to Target : CLASS {Lnet/minecraft/world/level/levelgen/PatrolSpawner;} {} {V}
[13Sep2026 16:59:48.996] [main/DEBUG] [cpw.mods.modlauncher.TransformStore/MODLAUNCHER]: Adding transformer net.minecraftforge.coremod.transformer.CoreModClassTransformer@38ee7a9d to Target : CLASS {Lnet/minecraft/world/entity/raid/Raid;} {} {V}
[13Sep2026 16:59:48.996] [main/DEBUG] [cpw.mods.modlauncher.TransformStore/MODLAUNCHER]: Adding transformer net.minecraftforge.coremod.transformer.CoreModClassTransformer@629984eb to Target : CLASS {Lnet/minecraft/world/level/chunk/LevelChunk;} {} {V}
[13Sep2026 16:59:48.996] [main/DEBUG] [cpw.mods.modlauncher.TransformStore/MODLAUNCHER]: Adding transformer net.minecraftforge.coremod.transformer.CoreModClassTransformer@7b1e5e55 to Target : CLASS {Lnet/minecraft/client/multiplayer/ClientPacketListener;} {} {V}
[13Sep2026 16:59:48.996] [main/DEBUG] [cpw.mods.modlauncher.TransformStore/MODLAUNCHER]: Adding transformer net.minecraftforge.coremod.transformer.CoreModClassTransformer@4c1d59cd to Target : CLASS {Lnet/minecraft/client/multiplayer/ClientLevel;} {} {V}
[13Sep2026 16:59:48.996] [main/DEBUG] [cpw.mods.modlauncher.TransformStore/MODLAUNCHER]: Adding transformer net.minecraftforge.coremod.transformer.CoreModClassTransformer@76cf841 to Target : CLASS {Lnet/minecraft/network/protocol/game/ClientboundSectionBlocksUpdatePacket;} {} {V}
[13Sep2026 16:59:48.996] [main/DEBUG] [cpw.mods.modlauncher.TransformStore/MODLAUNCHER]: Adding transformer net.minecraftforge.coremod.transformer.CoreModClassTransformer@297c9a9b to Target : CLASS {Lnet/minecraft/client/gui/components/CycleButton;} {} {V}
[13Sep2026 16:59:48.996] [main/DEBUG] [cpw.mods.modlauncher.TransformStore/MODLAUNCHER]: Adding transformer net.minecraftforge.coremod.transformer.CoreModClassTransformer@20999517 to Target : CLASS {Lnet/minecraft/server/MinecraftServer;} {} {V}
[13Sep2026 16:59:48.996] [main/DEBUG] [cpw.mods.modlauncher.TransformStore/MODLAUNCHER]: Adding transformer net.minecraftforge.coremod.transformer.CoreModClassTransformer@6ec63f8 to Target : CLASS {Lnet/minecraft/server/level/ServerPlayer;} {} {V}
[13Sep2026 16:59:48.996] [main/DEBUG] [cpw.mods.modlauncher.TransformStore/MODLAUNCHER]: Adding transformer net.minecraftforge.coremod.transformer.CoreModClassTransformer@66223d94 to Target : CLASS {Lnet/minecraft/client/Minecraft;} {} {V}
[13Sep2026 16:59:48.996] [main/DEBUG] [cpw.mods.modlauncher.TransformStore/MODLAUNCHER]: Adding transformer net.minecraftforge.coremod.transformer.CoreModClassTransformer@2bc7db89 to Target : CLASS {Lnet/minecraft/client/gui/components/AbstractSelectionList;} {} {V}
[13Sep2026 16:59:48.996] [main/DEBUG] [cpw.mods.modlauncher.TransformStore/MODLAUNCHER]: Adding transformer net.minecraftforge.coremod.transformer.CoreModMethodTransformer@220c9a63 to Target : METHOD {Lnet/minecraft/client/multiplayer/ClientPacketListener;} {handleBlockUpdate} {(Lnet/minecraft/network/protocol/game/ClientboundBlockUpdatePacket;)V}
[13Sep2026 16:59:48.996] [main/DEBUG] [cpw.mods.modlauncher.TransformStore/MODLAUNCHER]: Adding transformer net.minecraftforge.coremod.transformer.CoreModMethodTransformer@55b5cd2b to Target : METHOD {Lnet/minecraft/client/multiplayer/ClientPacketListener;} {handleChunkBlocksUpdate} {(Lnet/minecraft/network/protocol/game/ClientboundSectionBlocksUpdatePacket;)V}
[13Sep2026 16:59:48.996] [main/DEBUG] [cpw.mods.modlauncher.TransformStore/MODLAUNCHER]: Adding transformer net.minecraftforge.coremod.transformer.CoreModMethodTransformer@40bb4f87 to Target : METHOD {Lnet/minecraft/client/multiplayer/ClientPacketListener;} {updateLevelChunk} {(IILnet/minecraft/network/protocol/game/ClientboundLevelChunkPacketData;)V}
[13Sep2026 16:59:48.996] [main/DEBUG] [cpw.mods.modlauncher.TransformStore/MODLAUNCHER]: Adding transformer net.minecraftforge.coremod.transformer.CoreModMethodTransformer@51a651c1 to Target : METHOD {Lnet/minecraft/client/multiplayer/ClientPacketListener;} {handleLevelChunkWithLight} {(Lnet/minecraft/network/protocol/game/ClientboundLevelChunkWithLightPacket;)V}
[13Sep2026 16:59:48.996] [main/DEBUG] [cpw.mods.modlauncher.TransformStore/MODLAUNCHER]: Adding transformer net.minecraftforge.coremod.transformer.CoreModMethodTransformer@173f1614 to Target : METHOD {Lnet/minecraft/client/multiplayer/ClientPacketListener;} {handleLightUpdatePacket} {(Lnet/minecraft/network/protocol/game/ClientboundLightUpdatePacket;)V}
[13Sep2026 16:59:48.996] [main/DEBUG] [cpw.mods.modlauncher.TransformStore/MODLAUNCHER]: Adding transformer net.minecraftforge.coremod.transformer.CoreModMethodTransformer@6c184d4d to Target : METHOD {Lnet/minecraft/client/multiplayer/ClientPacketListener;} {queueLightRemoval} {(Lnet/minecraft/network/protocol/game/ClientboundForgetLevelChunkPacket;)V}
[13Sep2026 16:59:48.996] [main/DEBUG] [cpw.mods.modlauncher.TransformStore/MODLAUNCHER]: Adding transformer net.minecraftforge.coremod.transformer.CoreModMethodTransformer@7645f03e to Target : METHOD {Lnet/minecraft/client/multiplayer/ClientPacketListener;} {handleSetSpawn} {(Lnet/minecraft/network/protocol/game/ClientboundSetDefaultSpawnPositionPacket;)V}
[13Sep2026 16:59:48.996] [main/DEBUG] [cpw.mods.modlauncher.TransformStore/MODLAUNCHER]: Adding transformer net.minecraftforge.coremod.transformer.CoreModMethodTransformer@158e9f6e to Target : METHOD {Lnet/minecraft/client/player/AbstractClientPlayer;} {getCloakTextureLocation} {()Lnet/minecraft/resources/ResourceLocation;}
[13Sep2026 16:59:48.996] [main/DEBUG] [cpw.mods.modlauncher.TransformStore/MODLAUNCHER]: Adding transformer net.minecraftforge.coremod.transformer.CoreModMethodTransformer@7a6ea47d to Target : METHOD {Lnet/minecraft/world/entity/player/Player;} {isModelPartShown} {(Lnet/minecraft/world/entity/player/PlayerModelPart;)Z}
[13Sep2026 16:59:48.996] [main/DEBUG] [cpw.mods.modlauncher.TransformStore/MODLAUNCHER]: Adding transformer net.minecraftforge.coremod.transformer.CoreModMethodTransformer@54b2fc58 to Target : METHOD {Lnet/minecraft/client/multiplayer/ClientPacketListener;} {handleLogin} {(Lnet/minecraft/network/protocol/game/ClientboundLoginPacket;)V}
[13Sep2026 16:59:48.996] [main/DEBUG] [cpw.mods.modlauncher.TransformStore/MODLAUNCHER]: Adding transformer net.minecraftforge.coremod.transformer.CoreModMethodTransformer@daf22f0 to Target : METHOD {Lnet/minecraft/client/multiplayer/ClientPacketListener;} {close} {()V}
[13Sep2026 16:59:48.996] [main/DEBUG] [cpw.mods.modlauncher.TransformStore/MODLAUNCHER]: Adding transformer net.minecraftforge.coremod.transformer.CoreModMethodTransformer@6cbbb9c4 to Target : METHOD {Lnet/minecraft/client/player/LocalPlayer;} {respawn} {()V}
[13Sep2026 16:59:48.996] [main/DEBUG] [cpw.mods.modlauncher.TransformStore/MODLAUNCHER]: Adding transformer net.minecraftforge.coremod.transformer.CoreModMethodTransformer@63f9b562 to Target : METHOD {Lnet/minecraft/server/players/PlayerList;} {sendLevelInfo} {(Lnet/minecraft/server/level/ServerPlayer;Lnet/minecraft/server/level/ServerLevel;)V}
[13Sep2026 16:59:48.996] [main/DEBUG] [cpw.mods.modlauncher.TransformStore/MODLAUNCHER]: Adding transformer net.minecraftforge.coremod.transformer.CoreModMethodTransformer@20ead579 to Target : METHOD {Lnet/minecraft/client/gui/components/BossHealthOverlay;} {render} {(Lnet/minecraft/client/gui/GuiGraphics;)V}
[13Sep2026 16:59:48.996] [main/DEBUG] [cpw.mods.modlauncher.TransformStore/MODLAUNCHER]: Adding transformer net.minecraftforge.coremod.transformer.CoreModMethodTransformer@5426cb36 to Target : METHOD {Lnet/minecraft/client/model/ListModel;} {renderToBuffer} {(Lcom/mojang/blaze3d/vertex/PoseStack;Lcom/mojang/blaze3d/vertex/VertexConsumer;IIFFFF)V}
[13Sep2026 16:59:48.996] [main/DEBUG] [cpw.mods.modlauncher.TransformStore/MODLAUNCHER]: Adding transformer net.minecraftforge.coremod.transformer.CoreModMethodTransformer@65e22def to Target : METHOD {Lnet/minecraft/client/model/AgeableListModel;} {renderToBuffer} {(Lcom/mojang/blaze3d/vertex/PoseStack;Lcom/mojang/blaze3d/vertex/VertexConsumer;IIFFFF)V}
[13Sep2026 16:59:48.996] [main/DEBUG] [cpw.mods.modlauncher.TransformStore/MODLAUNCHER]: Adding transformer net.minecraftforge.coremod.transformer.CoreModMethodTransformer@4b1ec694 to Target : METHOD {Lnet/minecraft/client/model/LlamaModel;} {renderToBuffer} {(Lcom/mojang/blaze3d/vertex/PoseStack;Lcom/mojang/blaze3d/vertex/VertexConsumer;IIFFFF)V}
[13Sep2026 16:59:48.996] [main/DEBUG] [cpw.mods.modlauncher.TransformStore/MODLAUNCHER]: Adding transformer net.minecraftforge.coremod.transformer.CoreModMethodTransformer@3d299393 to Target : METHOD {Lnet/minecraft/client/model/RabbitModel;} {renderToBuffer} {(Lcom/mojang/blaze3d/vertex/PoseStack;Lcom/mojang/blaze3d/vertex/VertexConsumer;IIFFFF)V}
[13Sep2026 16:59:48.996] [main/DEBUG] [cpw.mods.modlauncher.TransformStore/MODLAUNCHER]: Adding transformer net.minecraftforge.coremod.transformer.CoreModMethodTransformer@5f34907b to Target : METHOD {Lnet/minecraft/client/renderer/entity/EnderDragonRenderer$DragonModel;} {renderToBuffer} {(Lcom/mojang/blaze3d/vertex/PoseStack;Lcom/mojang/blaze3d/vertex/VertexConsumer;IIFFFF)V}
[13Sep2026 16:59:48.996] [main/DEBUG] [cpw.mods.modlauncher.TransformStore/MODLAUNCHER]: Adding transformer net.minecraftforge.coremod.transformer.CoreModMethodTransformer@2b4d4327 to Target : METHOD {Lnet/minecraft/client/model/HierarchicalModel;} {renderToBuffer} {(Lcom/mojang/blaze3d/vertex/PoseStack;Lcom/mojang/blaze3d/vertex/VertexConsumer;IIFFFF)V}
[13Sep2026 16:59:48.996] [main/DEBUG] [cpw.mods.modlauncher.TransformStore/MODLAUNCHER]: Adding transformer net.minecraftforge.coremod.transformer.CoreModMethodTransformer@16da1abc to Target : METHOD {Lnet/minecraft/client/model/geom/ModelPart;} {compile} {(Lcom/mojang/blaze3d/vertex/PoseStack$Pose;Lcom/mojang/blaze3d/vertex/VertexConsumer;IIFFFF)V}
[13Sep2026 16:59:48.996] [main/DEBUG] [cpw.mods.modlauncher.TransformStore/MODLAUNCHER]: Adding transformer net.minecraftforge.coremod.transformer.CoreModMethodTransformer@671ea6ff to Target : METHOD {Lnet/minecraft/world/level/storage/LevelStorageSource$LevelStorageAccess;} {deleteLevel} {()V}
[13Sep2026 16:59:48.996] [main/DEBUG] [cpw.mods.modlauncher.TransformStore/MODLAUNCHER]: Adding transformer net.minecraftforge.coremod.transformer.CoreModMethodTransformer@1c52552f to Target : METHOD {Lnet/minecraft/client/multiplayer/ClientPacketListener;} {sendCommand} {(Ljava/lang/String;)V}
[13Sep2026 16:59:48.996] [main/DEBUG] [cpw.mods.modlauncher.TransformStore/MODLAUNCHER]: Adding transformer net.minecraftforge.coremod.transformer.CoreModMethodTransformer@5dc769f9 to Target : METHOD {Lnet/minecraft/client/multiplayer/ClientPacketListener;} {sendUnsignedCommand} {(Ljava/lang/String;)Z}
[13Sep2026 16:59:48.996] [main/DEBUG] [cpw.mods.modlauncher.TransformStore/MODLAUNCHER]: Adding transformer net.minecraftforge.coremod.transformer.CoreModMethodTransformer@1b0e9707 to Target : METHOD {Lnet/minecraft/client/multiplayer/chat/ChatListener;} {handleSystemMessage} {(Lnet/minecraft/network/chat/Component;Z)V}
[13Sep2026 16:59:48.996] [main/DEBUG] [cpw.mods.modlauncher.TransformStore/MODLAUNCHER]: Adding transformer net.minecraftforge.coremod.transformer.CoreModMethodTransformer@9b5f3c7 to Target : METHOD {Lnet/minecraft/client/multiplayer/chat/ChatListener;} {handleDisguisedChatMessage} {(Lnet/minecraft/network/chat/Component;Lnet/minecraft/network/chat/ChatType$Bound;)V}
[13Sep2026 16:59:48.996] [main/DEBUG] [cpw.mods.modlauncher.TransformationServiceDecorator/MODLAUNCHER]: Initialized transformers for transformation service fml
[13Sep2026 16:59:49.558] [main/DEBUG] [mixin/]: Processing prepare() for PlatformAgent[MixinPlatformAgentDefault:ModLauncher Root Container(ModLauncher:4f56a0a2)]
[13Sep2026 16:59:49.558] [main/DEBUG] [mixin/]: Processing launch tasks for PlatformAgent[MixinPlatformAgentDefault:ModLauncher Root Container(ModLauncher:4f56a0a2)]
[13Sep2026 16:59:49.558] [main/DEBUG] [mixin/]: Adding mixin platform agents for container SecureJarResource(minecraft)
[13Sep2026 16:59:49.558] [main/DEBUG] [mixin/]: Instancing new MixinPlatformAgentMinecraftForge for SecureJarResource(minecraft)
[13Sep2026 16:59:49.558] [main/DEBUG] [mixin/]: MixinPlatformAgentMinecraftForge rejected container SecureJarResource(minecraft)
[13Sep2026 16:59:49.558] [main/DEBUG] [mixin/]: Instancing new MixinPlatformAgentDefault for SecureJarResource(minecraft)
[13Sep2026 16:59:49.558] [main/DEBUG] [mixin/]: MixinPlatformAgentDefault accepted container SecureJarResource(minecraft)
[13Sep2026 16:59:49.558] [main/DEBUG] [mixin/]: Processing prepare() for PlatformAgent[MixinPlatformAgentDefault:SecureJarResource(minecraft)]
[13Sep2026 16:59:49.558] [main/DEBUG] [mixin/]: Adding mixin platform agents for container SecureJarResource(dragncrops)
[13Sep2026 16:59:49.558] [main/DEBUG] [mixin/]: Instancing new MixinPlatformAgentMinecraftForge for SecureJarResource(dragncrops)
[13Sep2026 16:59:49.558] [main/DEBUG] [mixin/]: MixinPlatformAgentMinecraftForge rejected container SecureJarResource(dragncrops)
[13Sep2026 16:59:49.558] [main/DEBUG] [mixin/]: Instancing new MixinPlatformAgentDefault for SecureJarResource(dragncrops)
[13Sep2026 16:59:49.558] [main/DEBUG] [mixin/]: MixinPlatformAgentDefault accepted container SecureJarResource(dragncrops)
[13Sep2026 16:59:49.565] [main/DEBUG] [mixin/]: Processing prepare() for PlatformAgent[MixinPlatformAgentDefault:SecureJarResource(dragncrops)]
[13Sep2026 16:59:49.565] [main/DEBUG] [mixin/]: Adding mixin platform agents for container SecureJarResource(legendarysurvivaloverhaul)
[13Sep2026 16:59:49.565] [main/DEBUG] [mixin/]: Instancing new MixinPlatformAgentMinecraftForge for SecureJarResource(legendarysurvivaloverhaul)
[13Sep2026 16:59:49.565] [main/DEBUG] [mixin/]: MixinPlatformAgentMinecraftForge rejected container SecureJarResource(legendarysurvivaloverhaul)
[13Sep2026 16:59:49.565] [main/DEBUG] [mixin/]: Instancing new MixinPlatformAgentDefault for SecureJarResource(legendarysurvivaloverhaul)
[13Sep2026 16:59:49.565] [main/DEBUG] [mixin/]: MixinPlatformAgentDefault accepted container SecureJarResource(legendarysurvivaloverhaul)
[13Sep2026 16:59:49.565] [main/DEBUG] [mixin/]: Processing prepare() for PlatformAgent[MixinPlatformAgentDefault:SecureJarResource(legendarysurvivaloverhaul)]
[13Sep2026 16:59:49.565] [main/DEBUG] [mixin/]: Adding mixin platform agents for container SecureJarResource(glitchcore)
[13Sep2026 16:59:49.565] [main/DEBUG] [mixin/]: Instancing new MixinPlatformAgentMinecraftForge for SecureJarResource(glitchcore)
[13Sep2026 16:59:49.565] [main/DEBUG] [mixin/]: MixinPlatformAgentMinecraftForge rejected container SecureJarResource(glitchcore)
[13Sep2026 16:59:49.565] [main/DEBUG] [mixin/]: Instancing new MixinPlatformAgentDefault for SecureJarResource(glitchcore)
[13Sep2026 16:59:49.565] [main/DEBUG] [mixin/]: MixinPlatformAgentDefault accepted container SecureJarResource(glitchcore)
[13Sep2026 16:59:49.565] [main/DEBUG] [mixin/]: Processing prepare() for PlatformAgent[MixinPlatformAgentDefault:SecureJarResource(glitchcore)]
[13Sep2026 16:59:49.565] [main/DEBUG] [mixin/]: Registering mixin config: glitchcore.mixins.json
[13Sep2026 16:59:49.565] [main/DEBUG] [mixin/]: Compatibility level JAVA_17 specified by glitchcore.mixins.json is higher than the maximum level supported by this version of mixin (JAVA_13).
[13Sep2026 16:59:49.565] [main/INFO] [mixin/]: Compatibility level set to JAVA_17
[13Sep2026 16:59:49.565] [main/DEBUG] [mixin/]: Registering mixin config: glitchcore.forge.mixins.json
[13Sep2026 16:59:49.565] [main/DEBUG] [mixin/]: Adding mixin platform agents for container SecureJarResource(sereneseasons)
[13Sep2026 16:59:49.565] [main/DEBUG] [mixin/]: Instancing new MixinPlatformAgentMinecraftForge for SecureJarResource(sereneseasons)
[13Sep2026 16:59:49.565] [main/DEBUG] [mixin/]: MixinPlatformAgentMinecraftForge rejected container SecureJarResource(sereneseasons)
[13Sep2026 16:59:49.565] [main/DEBUG] [mixin/]: Instancing new MixinPlatformAgentDefault for SecureJarResource(sereneseasons)
[13Sep2026 16:59:49.565] [main/DEBUG] [mixin/]: MixinPlatformAgentDefault accepted container SecureJarResource(sereneseasons)
[13Sep2026 16:59:49.565] [main/DEBUG] [mixin/]: Processing prepare() for PlatformAgent[MixinPlatformAgentDefault:SecureJarResource(sereneseasons)]
[13Sep2026 16:59:49.565] [main/DEBUG] [mixin/]: Registering mixin config: sereneseasons.mixins.json
[13Sep2026 16:59:49.581] [main/DEBUG] [mixin/]: Registering mixin config: sereneseasons.forge.mixins.json
[13Sep2026 16:59:49.581] [main/DEBUG] [mixin/]: Adding mixin platform agents for container SecureJarResource(forge)
[13Sep2026 16:59:49.581] [main/DEBUG] [mixin/]: Instancing new MixinPlatformAgentMinecraftForge for SecureJarResource(forge)
[13Sep2026 16:59:49.581] [main/DEBUG] [mixin/]: MixinPlatformAgentMinecraftForge rejected container SecureJarResource(forge)
[13Sep2026 16:59:49.581] [main/DEBUG] [mixin/]: Instancing new MixinPlatformAgentDefault for SecureJarResource(forge)
[13Sep2026 16:59:49.581] [main/DEBUG] [mixin/]: MixinPlatformAgentDefault accepted container SecureJarResource(forge)
[13Sep2026 16:59:49.581] [main/DEBUG] [mixin/]: Processing prepare() for PlatformAgent[MixinPlatformAgentDefault:SecureJarResource(forge)]
[13Sep2026 16:59:49.581] [main/DEBUG] [mixin/]: Adding mixin platform agents for container SecureJarResource(worldedit)
[13Sep2026 16:59:49.581] [main/DEBUG] [mixin/]: Instancing new MixinPlatformAgentMinecraftForge for SecureJarResource(worldedit)
[13Sep2026 16:59:49.581] [main/DEBUG] [mixin/]: MixinPlatformAgentMinecraftForge rejected container SecureJarResource(worldedit)
[13Sep2026 16:59:49.581] [main/DEBUG] [mixin/]: Instancing new MixinPlatformAgentDefault for SecureJarResource(worldedit)
[13Sep2026 16:59:49.581] [main/DEBUG] [mixin/]: MixinPlatformAgentDefault accepted container SecureJarResource(worldedit)
[13Sep2026 16:59:49.581] [main/DEBUG] [mixin/]: Processing prepare() for PlatformAgent[MixinPlatformAgentDefault:SecureJarResource(worldedit)]
[13Sep2026 16:59:49.581] [main/DEBUG] [mixin/]: Adding mixin platform agents for container SecureJarResource(jade)
[13Sep2026 16:59:49.581] [main/DEBUG] [mixin/]: Instancing new MixinPlatformAgentMinecraftForge for SecureJarResource(jade)
[13Sep2026 16:59:49.581] [main/DEBUG] [mixin/]: MixinPlatformAgentMinecraftForge rejected container SecureJarResource(jade)
[13Sep2026 16:59:49.581] [main/DEBUG] [mixin/]: Instancing new MixinPlatformAgentDefault for SecureJarResource(jade)
[13Sep2026 16:59:49.581] [main/DEBUG] [mixin/]: MixinPlatformAgentDefault accepted container SecureJarResource(jade)
[13Sep2026 16:59:49.581] [main/DEBUG] [mixin/]: Processing prepare() for PlatformAgent[MixinPlatformAgentDefault:SecureJarResource(jade)]
[13Sep2026 16:59:49.581] [main/DEBUG] [mixin/]: Registering mixin config: jade.mixins.json
[13Sep2026 16:59:49.581] [main/DEBUG] [mixin/]: Compatibility level JAVA_16 specified by jade.mixins.json is higher than the maximum level supported by this version of mixin (JAVA_13).
[13Sep2026 16:59:49.581] [main/DEBUG] [mixin/]: Adding mixin platform agents for container SecureJarResource(patchouli)
[13Sep2026 16:59:49.581] [main/DEBUG] [mixin/]: Instancing new MixinPlatformAgentMinecraftForge for SecureJarResource(patchouli)
[13Sep2026 16:59:49.581] [main/DEBUG] [mixin/]: MixinPlatformAgentMinecraftForge rejected container SecureJarResource(patchouli)
[13Sep2026 16:59:49.581] [main/DEBUG] [mixin/]: Instancing new MixinPlatformAgentDefault for SecureJarResource(patchouli)
[13Sep2026 16:59:49.581] [main/DEBUG] [mixin/]: MixinPlatformAgentDefault accepted container SecureJarResource(patchouli)
[13Sep2026 16:59:49.581] [main/DEBUG] [mixin/]: Processing prepare() for PlatformAgent[MixinPlatformAgentDefault:SecureJarResource(patchouli)]
[13Sep2026 16:59:49.581] [main/DEBUG] [mixin/]: Registering mixin config: patchouli_xplat.mixins.json
[13Sep2026 16:59:49.581] [main/DEBUG] [mixin/]: Adding mixin platform agents for container SecureJarResource(xaerominimap)
[13Sep2026 16:59:49.581] [main/DEBUG] [mixin/]: Instancing new MixinPlatformAgentMinecraftForge for SecureJarResource(xaerominimap)
[13Sep2026 16:59:49.581] [main/DEBUG] [mixin/]: MixinPlatformAgentMinecraftForge rejected container SecureJarResource(xaerominimap)
[13Sep2026 16:59:49.581] [main/DEBUG] [mixin/]: Instancing new MixinPlatformAgentDefault for SecureJarResource(xaerominimap)
[13Sep2026 16:59:49.581] [main/DEBUG] [mixin/]: MixinPlatformAgentDefault accepted container SecureJarResource(xaerominimap)
[13Sep2026 16:59:49.581] [main/DEBUG] [mixin/]: Processing prepare() for PlatformAgent[MixinPlatformAgentDefault:SecureJarResource(xaerominimap)]
[13Sep2026 16:59:49.581] [main/DEBUG] [mixin/]: Adding mixin platform agents for container SecureJarResource(thatsjustpeachy)
[13Sep2026 16:59:49.581] [main/DEBUG] [mixin/]: Instancing new MixinPlatformAgentMinecraftForge for SecureJarResource(thatsjustpeachy)
[13Sep2026 16:59:49.581] [main/DEBUG] [mixin/]: MixinPlatformAgentMinecraftForge rejected container SecureJarResource(thatsjustpeachy)
[13Sep2026 16:59:49.581] [main/DEBUG] [mixin/]: Instancing new MixinPlatformAgentDefault for SecureJarResource(thatsjustpeachy)
[13Sep2026 16:59:49.581] [main/DEBUG] [mixin/]: MixinPlatformAgentDefault accepted container SecureJarResource(thatsjustpeachy)
[13Sep2026 16:59:49.581] [main/DEBUG] [mixin/]: Processing prepare() for PlatformAgent[MixinPlatformAgentDefault:SecureJarResource(thatsjustpeachy)]
[13Sep2026 16:59:49.581] [main/DEBUG] [mixin/]: Adding mixin platform agents for container SecureJarResource(spoiled)
[13Sep2026 16:59:49.581] [main/DEBUG] [mixin/]: Instancing new MixinPlatformAgentMinecraftForge for SecureJarResource(spoiled)
[13Sep2026 16:59:49.581] [main/DEBUG] [mixin/]: MixinPlatformAgentMinecraftForge rejected container SecureJarResource(spoiled)
[13Sep2026 16:59:49.581] [main/DEBUG] [mixin/]: Instancing new MixinPlatformAgentDefault for SecureJarResource(spoiled)
[13Sep2026 16:59:49.581] [main/DEBUG] [mixin/]: MixinPlatformAgentDefault accepted container SecureJarResource(spoiled)
[13Sep2026 16:59:49.581] [main/DEBUG] [mixin/]: Processing prepare() for PlatformAgent[MixinPlatformAgentDefault:SecureJarResource(spoiled)]
[13Sep2026 16:59:49.581] [main/DEBUG] [mixin/]: Registering mixin config: spoiled.mixins.json
[13Sep2026 16:59:49.581] [main/DEBUG] [mixin/]: Registering mixin config: spoiled.forge.mixins.json
[13Sep2026 16:59:49.581] [main/DEBUG] [mixin/]: Adding mixin platform agents for container SecureJarResource(jei)
[13Sep2026 16:59:49.581] [main/DEBUG] [mixin/]: Instancing new MixinPlatformAgentMinecraftForge for SecureJarResource(jei)
[13Sep2026 16:59:49.581] [main/DEBUG] [mixin/]: MixinPlatformAgentMinecraftForge rejected container SecureJarResource(jei)
[13Sep2026 16:59:49.581] [main/DEBUG] [mixin/]: Instancing new MixinPlatformAgentDefault for SecureJarResource(jei)
[13Sep2026 16:59:49.581] [main/DEBUG] [mixin/]: MixinPlatformAgentDefault accepted container SecureJarResource(jei)
[13Sep2026 16:59:49.581] [main/DEBUG] [mixin/]: Processing prepare() for PlatformAgent[MixinPlatformAgentDefault:SecureJarResource(jei)]
[13Sep2026 16:59:49.581] [main/DEBUG] [mixin/]: inject() running with 14 agents
[13Sep2026 16:59:49.581] [main/DEBUG] [mixin/]: Processing inject() for PlatformAgent[MixinPlatformAgentDefault:ModLauncher Root Container(ModLauncher:4f56a0a2)]
[13Sep2026 16:59:49.581] [main/DEBUG] [mixin/]: Processing inject() for PlatformAgent[MixinPlatformAgentDefault:SecureJarResource(minecraft)]
[13Sep2026 16:59:49.581] [main/DEBUG] [mixin/]: Processing inject() for PlatformAgent[MixinPlatformAgentDefault:SecureJarResource(dragncrops)]
[13Sep2026 16:59:49.581] [main/DEBUG] [mixin/]: Processing inject() for PlatformAgent[MixinPlatformAgentDefault:SecureJarResource(legendarysurvivaloverhaul)]
[13Sep2026 16:59:49.581] [main/DEBUG] [mixin/]: Processing inject() for PlatformAgent[MixinPlatformAgentDefault:SecureJarResource(glitchcore)]
[13Sep2026 16:59:49.581] [main/DEBUG] [mixin/]: Processing inject() for PlatformAgent[MixinPlatformAgentDefault:SecureJarResource(sereneseasons)]
[13Sep2026 16:59:49.581] [main/DEBUG] [mixin/]: Processing inject() for PlatformAgent[MixinPlatformAgentDefault:SecureJarResource(forge)]
[13Sep2026 16:59:49.581] [main/DEBUG] [mixin/]: Processing inject() for PlatformAgent[MixinPlatformAgentDefault:SecureJarResource(worldedit)]
[13Sep2026 16:59:49.581] [main/DEBUG] [mixin/]: Processing inject() for PlatformAgent[MixinPlatformAgentDefault:SecureJarResource(jade)]
[13Sep2026 16:59:49.581] [main/DEBUG] [mixin/]: Processing inject() for PlatformAgent[MixinPlatformAgentDefault:SecureJarResource(patchouli)]
[13Sep2026 16:59:49.581] [main/DEBUG] [mixin/]: Processing inject() for PlatformAgent[MixinPlatformAgentDefault:SecureJarResource(xaerominimap)]
[13Sep2026 16:59:49.581] [main/DEBUG] [mixin/]: Processing inject() for PlatformAgent[MixinPlatformAgentDefault:SecureJarResource(thatsjustpeachy)]
[13Sep2026 16:59:49.581] [main/DEBUG] [mixin/]: Processing inject() for PlatformAgent[MixinPlatformAgentDefault:SecureJarResource(spoiled)]
[13Sep2026 16:59:49.581] [main/DEBUG] [mixin/]: Processing inject() for PlatformAgent[MixinPlatformAgentDefault:SecureJarResource(jei)]
[13Sep2026 16:59:49.581] [main/INFO] [cpw.mods.modlauncher.LaunchServiceHandler/MODLAUNCHER]: Launching target 'forgedatauserdev' with arguments [--gameDir, ., --assetsDir, C:\Users\kylie\.gradle\caches\forge_gradle\assets, --assetIndex, 5, --mod, thatsjustpeachy, --all, --output, E:\IntelliJ Projects\Thats_Just_Peachy_Remastered\src\generated\resources, --existing, E:\IntelliJ Projects\Thats_Just_Peachy_Remastered\src\main\resources]
[13Sep2026 16:59:49.628] [main/DEBUG] [mixin/]: Error cleaning class output directory: .mixin.out
[13Sep2026 16:59:49.628] [main/DEBUG] [mixin/]: Preparing mixins for MixinEnvironment[DEFAULT]
[13Sep2026 16:59:49.628] [main/DEBUG] [mixin/]: Selecting config glitchcore.mixins.json
[13Sep2026 16:59:49.865] [main/INFO] [mixin/]: Remapping refMap glitchcore.refmap.json using E:\IntelliJ Projects\Thats_Just_Peachy_Remastered\build\createSrgToMcp\output.srg
[13Sep2026 16:59:49.865] [main/DEBUG] [mixin/]: Selecting config glitchcore.forge.mixins.json
[13Sep2026 16:59:49.865] [main/INFO] [mixin/]: Remapping refMap glitchcore.refmap.json using E:\IntelliJ Projects\Thats_Just_Peachy_Remastered\build\createSrgToMcp\output.srg
[13Sep2026 16:59:49.865] [main/DEBUG] [mixin/]: Selecting config sereneseasons.mixins.json
[13Sep2026 16:59:49.865] [main/INFO] [mixin/]: Remapping refMap sereneseasons.refmap.json using E:\IntelliJ Projects\Thats_Just_Peachy_Remastered\build\createSrgToMcp\output.srg
[13Sep2026 16:59:49.865] [main/DEBUG] [mixin/]: Selecting config sereneseasons.forge.mixins.json
[13Sep2026 16:59:49.865] [main/INFO] [mixin/]: Remapping refMap sereneseasons.refmap.json using E:\IntelliJ Projects\Thats_Just_Peachy_Remastered\build\createSrgToMcp\output.srg
[13Sep2026 16:59:49.865] [main/DEBUG] [mixin/]: Selecting config jade.mixins.json
[13Sep2026 16:59:49.865] [main/INFO] [mixin/]: Remapping refMap jade.refmap.json using E:\IntelliJ Projects\Thats_Just_Peachy_Remastered\build\createSrgToMcp\output.srg
[13Sep2026 16:59:49.865] [main/DEBUG] [mixin/]: Selecting config patchouli_xplat.mixins.json
[13Sep2026 16:59:49.865] [main/INFO] [mixin/]: Remapping refMap patchouli.refmap.json using E:\IntelliJ Projects\Thats_Just_Peachy_Remastered\build\createSrgToMcp\output.srg
[13Sep2026 16:59:49.865] [main/DEBUG] [mixin/]: Selecting config spoiled.mixins.json
[13Sep2026 16:59:49.865] [main/INFO] [mixin/]: Remapping refMap spoiled.refmap.json using E:\IntelliJ Projects\Thats_Just_Peachy_Remastered\build\createSrgToMcp\output.srg
[13Sep2026 16:59:49.865] [main/DEBUG] [mixin/]: Selecting config spoiled.forge.mixins.json
[13Sep2026 16:59:49.881] [main/INFO] [mixin/]: Remapping refMap spoiled.refmap.json using E:\IntelliJ Projects\Thats_Just_Peachy_Remastered\build\createSrgToMcp\output.srg
[13Sep2026 16:59:49.881] [main/DEBUG] [mixin/]: Preparing glitchcore.mixins.json (4)
[13Sep2026 16:59:49.896] [main/DEBUG] [net.minecraftforge.coremod.transformer.CoreModBaseTransformer/COREMOD]: Transforming net/minecraft/world/item/ItemStack
[13Sep2026 16:59:49.943] [main/DEBUG] [net.minecraftforge.coremod.transformer.CoreModBaseTransformer/COREMOD]: Transforming net/minecraft/client/Minecraft
[13Sep2026 16:59:50.044] [main/DEBUG] [mixin/]: Preparing glitchcore.forge.mixins.json (7)
[13Sep2026 16:59:50.044] [main/DEBUG] [net.minecraftforge.coremod.transformer.CoreModBaseTransformer/COREMOD]: Transforming net/minecraft/server/level/ServerPlayer
[13Sep2026 16:59:50.066] [main/DEBUG] [net.minecraftforge.coremod.transformer.CoreModBaseTransformer/COREMOD]: Transforming isModelPartShown with desc (Lnet/minecraft/world/entity/player/PlayerModelPart;)Z
[13Sep2026 16:59:50.098] [main/DEBUG] [mixin/]: Preparing sereneseasons.mixins.json (6)
[13Sep2026 16:59:50.098] [main/DEBUG] [net.minecraftforge.coremod.transformer.CoreModBaseTransformer/COREMOD]: Transforming net/minecraft/world/level/biome/Biome
[13Sep2026 16:59:50.130] [main/DEBUG] [mixin/]: Preparing sereneseasons.forge.mixins.json (0)
[13Sep2026 16:59:50.130] [main/DEBUG] [mixin/]: Preparing jade.mixins.json (3)
[13Sep2026 16:59:50.146] [main/DEBUG] [mixin/]: Preparing patchouli_xplat.mixins.json (10)
[13Sep2026 16:59:50.146] [main/DEBUG] [mixin/]: Preparing spoiled.mixins.json (3)
[13Sep2026 16:59:50.166] [main/DEBUG] [mixin/]: Preparing spoiled.forge.mixins.json (1)
[13Sep2026 16:59:50.181] [main/DEBUG] [mixin/]: Registering new injector for @Inject with org.spongepowered.asm.mixin.injection.struct.CallbackInjectionInfo
[13Sep2026 16:59:50.181] [main/DEBUG] [mixin/]: Registering new injector for @ModifyArg with org.spongepowered.asm.mixin.injection.struct.ModifyArgInjectionInfo
[13Sep2026 16:59:50.181] [main/DEBUG] [mixin/]: Registering new injector for @ModifyArgs with org.spongepowered.asm.mixin.injection.struct.ModifyArgsInjectionInfo
[13Sep2026 16:59:50.181] [main/DEBUG] [mixin/]: Registering new injector for @Redirect with org.spongepowered.asm.mixin.injection.struct.RedirectInjectionInfo
[13Sep2026 16:59:50.181] [main/DEBUG] [mixin/]: Registering new injector for @ModifyVariable with org.spongepowered.asm.mixin.injection.struct.ModifyVariableInjectionInfo
[13Sep2026 16:59:50.181] [main/DEBUG] [mixin/]: Registering new injector for @ModifyConstant with org.spongepowered.asm.mixin.injection.struct.ModifyConstantInjectionInfo
[13Sep2026 16:59:50.197] [main/DEBUG] [mixin/]: Inner class glitchcore/forge/mixin/impl/MixinPacketHandler$1 in glitchcore/forge/mixin/impl/MixinPacketHandler on glitchcore/network/PacketHandler gets unique name glitchcore/network/PacketHandler$Anonymous$7702a4810794452a82d2be69b5f140da
[13Sep2026 16:59:50.197] [main/DEBUG] [mixin/]: Prepared 34 mixins in 0.569 sec (16.7ms avg) (0ms load, 0ms transform, 0ms plugin)
[13Sep2026 16:59:50.297] [main/DEBUG] [io.netty.util.internal.logging.InternalLoggerFactory/]: Using SLF4J as the default logging framework
[13Sep2026 16:59:50.297] [main/DEBUG] [io.netty.util.ResourceLeakDetector/]: -Dio.netty.leakDetection.level: simple
[13Sep2026 16:59:50.297] [main/DEBUG] [io.netty.util.ResourceLeakDetector/]: -Dio.netty.leakDetection.targetRecords: 4
[13Sep2026 16:59:50.382] [main/INFO] [net.minecraftforge.data.loading.DatagenModLoader/]: Initializing Data Gatherer for mods [thatsjustpeachy]
[13Sep2026 16:59:50.444] [main/DEBUG] [mixin/]: Mixing MixinBlockStateBase from sereneseasons.mixins.json into net.minecraft.world.level.block.state.BlockBehaviour$BlockStateBase
[13Sep2026 16:59:50.596] [main/DEBUG] [net.minecraftforge.coremod.transformer.CoreModBaseTransformer/COREMOD]: Transforming isModelPartShown with desc (Lnet/minecraft/world/entity/player/PlayerModelPart;)Z
[13Sep2026 16:59:50.596] [main/DEBUG] [mixin/]: Mixing MixinLevel from sereneseasons.mixins.json into net.minecraft.world.level.Level
[13Sep2026 16:59:50.628] [main/DEBUG] [mixin/]: Mixing MixinServerLevel from glitchcore.mixins.json into net.minecraft.server.level.ServerLevel
[13Sep2026 16:59:50.628] [main/DEBUG] [mixin/]: Mixing MixinServerLevel from sereneseasons.mixins.json into net.minecraft.server.level.ServerLevel
[13Sep2026 16:59:50.643] [main/DEBUG] [net.minecraftforge.coremod.transformer.CoreModBaseTransformer/COREMOD]: Transforming isModelPartShown with desc (Lnet/minecraft/world/entity/player/PlayerModelPart;)Z
[13Sep2026 16:59:50.707] [main/DEBUG] [net.minecraftforge.coremod.transformer.CoreModBaseTransformer/COREMOD]: Transforming net/minecraft/world/entity/EntityType
[13Sep2026 16:59:50.971] [main/DEBUG] [net.minecraftforge.coremod.transformer.CoreModBaseTransformer/COREMOD]: Transforming net/minecraft/world/level/block/LiquidBlock
[13Sep2026 16:59:51.001] [main/DEBUG] [net.minecraftforge.coremod.transformer.CoreModBaseTransformer/COREMOD]: Transforming net/minecraft/world/level/block/StairBlock
[13Sep2026 16:59:51.051] [main/DEBUG] [net.minecraftforge.coremod.transformer.CoreModBaseTransformer/COREMOD]: Transforming net/minecraft/world/level/block/FlowerPotBlock
[13Sep2026 16:59:51.299] [main/DEBUG] [mixin/]: Mixing RandomizableContainerBlockEntityAccessor from spoiled.mixins.json into net.minecraft.world.level.block.entity.RandomizableContainerBlockEntity
[13Sep2026 16:59:51.599] [main/DEBUG] [net.minecraftforge.coremod.transformer.CoreModBaseTransformer/COREMOD]: Transforming net/minecraft/world/item/ItemStack
[13Sep2026 16:59:51.599] [main/DEBUG] [mixin/]: Mixing MixinItemStack from glitchcore.mixins.json into net.minecraft.world.item.ItemStack
[13Sep2026 16:59:51.983] [main/DEBUG] [net.minecraftforge.coremod.transformer.CoreModBaseTransformer/COREMOD]: Transforming net/minecraft/world/entity/animal/frog/Tadpole
[13Sep2026 16:59:52.014] [main/DEBUG] [net.minecraftforge.coremod.transformer.CoreModBaseTransformer/COREMOD]: Transforming net/minecraft/world/item/BucketItem
[13Sep2026 16:59:52.483] [main/DEBUG] [net.minecraftforge.coremod.transformer.CoreModBaseTransformer/COREMOD]: Transforming net/minecraft/world/entity/monster/Spider
[13Sep2026 16:59:52.521] [main/DEBUG] [net.minecraftforge.coremod.transformer.CoreModBaseTransformer/COREMOD]: Transforming net/minecraft/world/entity/monster/Zombie
[13Sep2026 16:59:52.553] [main/DEBUG] [net.minecraftforge.coremod.transformer.CoreModBaseTransformer/COREMOD]: Transforming net/minecraft/world/entity/monster/ZombieVillager
[13Sep2026 16:59:52.584] [main/DEBUG] [net.minecraftforge.coremod.transformer.CoreModBaseTransformer/COREMOD]: Transforming net/minecraft/world/entity/monster/Evoker$EvokerSummonSpellGoal
[13Sep2026 16:59:52.616] [main/DEBUG] [mixin/]: Mixing ItemFrameMixin from spoiled.mixins.json into net.minecraft.world.entity.decoration.ItemFrame
[13Sep2026 16:59:52.621] [main/DEBUG] [net.minecraftforge.coremod.transformer.CoreModBaseTransformer/COREMOD]: Transforming net/minecraft/world/entity/EntityType
[13Sep2026 16:59:52.721] [main/DEBUG] [net.minecraftforge.coremod.transformer.CoreModBaseTransformer/COREMOD]: Transforming net/minecraft/world/entity/animal/horse/SkeletonTrapGoal
[13Sep2026 16:59:52.721] [main/DEBUG] [net.minecraftforge.coremod.transformer.CoreModBaseTransformer/COREMOD]: Transforming net/minecraft/world/entity/monster/Strider
[13Sep2026 16:59:52.784] [main/DEBUG] [net.minecraftforge.coremod.transformer.CoreModBaseTransformer/COREMOD]: Transforming net/minecraft/server/level/ServerPlayer
[13Sep2026 16:59:52.784] [main/DEBUG] [mixin/]: Mixing MixinServerPlayer from glitchcore.forge.mixins.json into net.minecraft.server.level.ServerPlayer
[13Sep2026 16:59:52.799] [main/DEBUG] [net.minecraftforge.coremod.transformer.CoreModBaseTransformer/COREMOD]: Transforming net/minecraft/world/level/chunk/LevelChunk
[13Sep2026 16:59:52.822] [main/DEBUG] [net.minecraftforge.coremod.transformer.CoreModBaseTransformer/COREMOD]: Transforming net/minecraft/world/entity/npc/Villager
[13Sep2026 16:59:52.900] [main/DEBUG] [net.minecraftforge.coremod.transformer.CoreModBaseTransformer/COREMOD]: Transforming net/minecraft/world/effect/MobEffectInstance
[13Sep2026 16:59:53.254] [main/DEBUG] [net.minecraftforge.coremod.transformer.CoreModBaseTransformer/COREMOD]: Transforming net/minecraft/world/level/levelgen/structure/Structure
[13Sep2026 16:59:53.285] [main/DEBUG] [net.minecraftforge.coremod.transformer.CoreModBaseTransformer/COREMOD]: Transforming net/minecraft/world/level/levelgen/structure/structures/OceanRuinPieces$OceanRuinPiece
[13Sep2026 16:59:53.285] [main/DEBUG] [net.minecraftforge.coremod.transformer.CoreModBaseTransformer/COREMOD]: Transforming net/minecraft/world/level/levelgen/structure/structures/SwampHutPiece
[13Sep2026 16:59:53.285] [main/DEBUG] [net.minecraftforge.coremod.transformer.CoreModBaseTransformer/COREMOD]: Transforming net/minecraft/world/level/levelgen/structure/structures/OceanMonumentPieces$OceanMonumentPiece
[13Sep2026 16:59:53.301] [main/DEBUG] [net.minecraftforge.coremod.transformer.CoreModBaseTransformer/COREMOD]: Transforming net/minecraft/world/level/levelgen/structure/structures/WoodlandMansionPieces$WoodlandMansionPiece
[13Sep2026 16:59:53.369] [main/DEBUG] [net.minecraftforge.coremod.transformer.CoreModBaseTransformer/COREMOD]: Transforming net/minecraft/world/level/biome/Biome
[13Sep2026 16:59:53.369] [main/DEBUG] [mixin/]: Mixing MixinBiome from sereneseasons.mixins.json into net.minecraft.world.level.biome.Biome
[13Sep2026 16:59:53.369] [main/DEBUG] [mixin/]: Mixing client.MixinBiomeClient from sereneseasons.mixins.json into net.minecraft.world.level.biome.Biome
[13Sep2026 16:59:53.401] [main/DEBUG] [net.minecraftforge.coremod.transformer.CoreModBaseTransformer/COREMOD]: Transforming net/minecraft/client/multiplayer/ClientLevel
[13Sep2026 16:59:53.516] [main/DEBUG] [net.minecraftforge.registries.GameData/REGISTRIES]: Creating vanilla freeze snapshot
[13Sep2026 16:59:53.522] [main/DEBUG] [net.minecraftforge.registries.ForgeRegistry/REGISTRIES]: Registry minecraft:block Sync: VANILLA -> ACTIVE
[13Sep2026 16:59:53.522] [main/DEBUG] [net.minecraftforge.registries.ForgeRegistry/REGISTRIES]: Registry minecraft:fluid Sync: VANILLA -> ACTIVE
[13Sep2026 16:59:53.522] [main/DEBUG] [net.minecraftforge.registries.ForgeRegistry/REGISTRIES]: Registry minecraft:item Sync: VANILLA -> ACTIVE
[13Sep2026 16:59:53.538] [main/DEBUG] [net.minecraftforge.registries.ForgeRegistry/REGISTRIES]: Registry minecraft:mob_effect Sync: VANILLA -> ACTIVE
[13Sep2026 16:59:53.538] [main/DEBUG] [net.minecraftforge.registries.ForgeRegistry/REGISTRIES]: Registry minecraft:sound_event Sync: VANILLA -> ACTIVE
[13Sep2026 16:59:53.538] [main/DEBUG] [net.minecraftforge.registries.ForgeRegistry/REGISTRIES]: Registry minecraft:potion Sync: VANILLA -> ACTIVE
[13Sep2026 16:59:53.538] [main/DEBUG] [net.minecraftforge.registries.ForgeRegistry/REGISTRIES]: Registry minecraft:enchantment Sync: VANILLA -> ACTIVE
[13Sep2026 16:59:53.538] [main/DEBUG] [net.minecraftforge.registries.ForgeRegistry/REGISTRIES]: Registry minecraft:entity_type Sync: VANILLA -> ACTIVE
[13Sep2026 16:59:53.538] [main/DEBUG] [net.minecraftforge.registries.ForgeRegistry/REGISTRIES]: Registry minecraft:block_entity_type Sync: VANILLA -> ACTIVE
[13Sep2026 16:59:53.538] [main/DEBUG] [net.minecraftforge.registries.ForgeRegistry/REGISTRIES]: Registry minecraft:particle_type Sync: VANILLA -> ACTIVE
[13Sep2026 16:59:53.538] [main/DEBUG] [net.minecraftforge.registries.ForgeRegistry/REGISTRIES]: Registry minecraft:menu Sync: VANILLA -> ACTIVE
[13Sep2026 16:59:53.538] [main/DEBUG] [net.minecraftforge.registries.ForgeRegistry/REGISTRIES]: Registry minecraft:painting_variant Sync: VANILLA -> ACTIVE
[13Sep2026 16:59:53.538] [main/DEBUG] [net.minecraftforge.registries.ForgeRegistry/REGISTRIES]: Registry minecraft:recipe_type Sync: VANILLA -> ACTIVE
[13Sep2026 16:59:53.538] [main/DEBUG] [net.minecraftforge.registries.ForgeRegistry/REGISTRIES]: Registry minecraft:recipe_serializer Sync: VANILLA -> ACTIVE
[13Sep2026 16:59:53.538] [main/DEBUG] [net.minecraftforge.registries.ForgeRegistry/REGISTRIES]: Registry minecraft:attribute Sync: VANILLA -> ACTIVE
[13Sep2026 16:59:53.538] [main/DEBUG] [net.minecraftforge.registries.ForgeRegistry/REGISTRIES]: Registry minecraft:stat_type Sync: VANILLA -> ACTIVE
[13Sep2026 16:59:53.538] [main/DEBUG] [net.minecraftforge.registries.ForgeRegistry/REGISTRIES]: Registry minecraft:command_argument_type Sync: VANILLA -> ACTIVE
[13Sep2026 16:59:53.538] [main/DEBUG] [net.minecraftforge.registries.ForgeRegistry/REGISTRIES]: Registry minecraft:villager_profession Sync: VANILLA -> ACTIVE
[13Sep2026 16:59:53.538] [main/DEBUG] [net.minecraftforge.registries.ForgeRegistry/REGISTRIES]: Registry minecraft:point_of_interest_type Sync: VANILLA -> ACTIVE
[13Sep2026 16:59:53.538] [main/DEBUG] [net.minecraftforge.registries.ForgeRegistry/REGISTRIES]: Registry minecraft:memory_module_type Sync: VANILLA -> ACTIVE
[13Sep2026 16:59:53.553] [main/DEBUG] [net.minecraftforge.registries.ForgeRegistry/REGISTRIES]: Registry minecraft:sensor_type Sync: VANILLA -> ACTIVE
[13Sep2026 16:59:53.553] [main/DEBUG] [net.minecraftforge.registries.ForgeRegistry/REGISTRIES]: Registry minecraft:schedule Sync: VANILLA -> ACTIVE
[13Sep2026 16:59:53.553] [main/DEBUG] [net.minecraftforge.registries.ForgeRegistry/REGISTRIES]: Registry minecraft:activity Sync: VANILLA -> ACTIVE
[13Sep2026 16:59:53.553] [main/DEBUG] [net.minecraftforge.registries.ForgeRegistry/REGISTRIES]: Registry minecraft:worldgen/carver Sync: VANILLA -> ACTIVE
[13Sep2026 16:59:53.553] [main/DEBUG] [net.minecraftforge.registries.ForgeRegistry/REGISTRIES]: Registry minecraft:worldgen/feature Sync: VANILLA -> ACTIVE
[13Sep2026 16:59:53.553] [main/DEBUG] [net.minecraftforge.registries.ForgeRegistry/REGISTRIES]: Registry minecraft:chunk_status Sync: VANILLA -> ACTIVE
[13Sep2026 16:59:53.553] [main/DEBUG] [net.minecraftforge.registries.ForgeRegistry/REGISTRIES]: Registry minecraft:worldgen/block_state_provider_type Sync: VANILLA -> ACTIVE
[13Sep2026 16:59:53.553] [main/DEBUG] [net.minecraftforge.registries.ForgeRegistry/REGISTRIES]: Registry minecraft:worldgen/foliage_placer_type Sync: VANILLA -> ACTIVE
[13Sep2026 16:59:53.553] [main/DEBUG] [net.minecraftforge.registries.ForgeRegistry/REGISTRIES]: Registry minecraft:worldgen/tree_decorator_type Sync: VANILLA -> ACTIVE
[13Sep2026 16:59:53.553] [main/DEBUG] [net.minecraftforge.registries.ForgeRegistry/REGISTRIES]: Registry minecraft:worldgen/biome Sync: VANILLA -> ACTIVE
[13Sep2026 16:59:53.553] [main/DEBUG] [net.minecraftforge.registries.GameData/REGISTRIES]: Vanilla freeze snapshot created
[13Sep2026 16:59:53.569] [main/DEBUG] [net.minecraftforge.fml.ModWorkManager/LOADING]: Using 8 threads for parallel mod-loading
[13Sep2026 16:59:53.569] [main/DEBUG] [net.minecraftforge.fml.javafmlmod.FMLJavaModLanguageProvider/LOADING]: Loading FMLModContainer from classloader cpw.mods.modlauncher.TransformingClassLoader@7fad214a - got cpw.mods.cl.ModuleClassLoader@aced190
[13Sep2026 16:59:53.569] [main/DEBUG] [net.minecraftforge.fml.javafmlmod.FMLModContainer/LOADING]: Creating FMLModContainer instance for com.dragn0007.dragncrops.CropOverhaul
[13Sep2026 16:59:53.569] [main/DEBUG] [net.minecraftforge.fml.javafmlmod.FMLJavaModLanguageProvider/LOADING]: Loading FMLModContainer from classloader cpw.mods.modlauncher.TransformingClassLoader@7fad214a - got cpw.mods.cl.ModuleClassLoader@aced190
[13Sep2026 16:59:53.569] [main/DEBUG] [net.minecraftforge.fml.javafmlmod.FMLModContainer/LOADING]: Creating FMLModContainer instance for sfiomn.legendarysurvivaloverhaul.LegendarySurvivalOverhaul
[13Sep2026 16:59:53.569] [main/DEBUG] [net.minecraftforge.fml.javafmlmod.FMLJavaModLanguageProvider/LOADING]: Loading FMLModContainer from classloader cpw.mods.modlauncher.TransformingClassLoader@7fad214a - got cpw.mods.cl.ModuleClassLoader@aced190
[13Sep2026 16:59:53.569] [main/DEBUG] [net.minecraftforge.fml.javafmlmod.FMLModContainer/LOADING]: Creating FMLModContainer instance for glitchcore.forge.GlitchCoreForge
[13Sep2026 16:59:53.569] [main/DEBUG] [net.minecraftforge.fml.javafmlmod.FMLJavaModLanguageProvider/LOADING]: Loading FMLModContainer from classloader cpw.mods.modlauncher.TransformingClassLoader@7fad214a - got cpw.mods.cl.ModuleClassLoader@aced190
[13Sep2026 16:59:53.569] [main/DEBUG] [net.minecraftforge.fml.javafmlmod.FMLModContainer/LOADING]: Creating FMLModContainer instance for sereneseasons.forge.core.SereneSeasonsForge
[13Sep2026 16:59:53.569] [main/DEBUG] [net.minecraftforge.fml.javafmlmod.FMLJavaModLanguageProvider/LOADING]: Loading FMLModContainer from classloader cpw.mods.modlauncher.TransformingClassLoader@7fad214a - got cpw.mods.cl.ModuleClassLoader@aced190
[13Sep2026 16:59:53.569] [main/DEBUG] [net.minecraftforge.fml.javafmlmod.FMLModContainer/LOADING]: Creating FMLModContainer instance for net.minecraftforge.common.ForgeMod
[13Sep2026 16:59:53.585] [main/DEBUG] [net.minecraftforge.fml.javafmlmod.FMLJavaModLanguageProvider/LOADING]: Loading FMLModContainer from classloader cpw.mods.modlauncher.TransformingClassLoader@7fad214a - got cpw.mods.cl.ModuleClassLoader@aced190
[13Sep2026 16:59:53.585] [main/DEBUG] [net.minecraftforge.fml.javafmlmod.FMLModContainer/LOADING]: Creating FMLModContainer instance for com.sk89q.worldedit.forge.ForgeWorldEdit
[13Sep2026 16:59:53.585] [main/DEBUG] [net.minecraftforge.fml.javafmlmod.FMLJavaModLanguageProvider/LOADING]: Loading FMLModContainer from classloader cpw.mods.modlauncher.TransformingClassLoader@7fad214a - got cpw.mods.cl.ModuleClassLoader@aced190
[13Sep2026 16:59:53.585] [main/DEBUG] [net.minecraftforge.fml.javafmlmod.FMLModContainer/LOADING]: Creating FMLModContainer instance for snownee.jade.util.CommonProxy
[13Sep2026 16:59:53.585] [main/DEBUG] [net.minecraftforge.fml.javafmlmod.FMLJavaModLanguageProvider/LOADING]: Loading FMLModContainer from classloader cpw.mods.modlauncher.TransformingClassLoader@7fad214a - got cpw.mods.cl.ModuleClassLoader@aced190
[13Sep2026 16:59:53.585] [main/DEBUG] [net.minecraftforge.fml.javafmlmod.FMLModContainer/LOADING]: Creating FMLModContainer instance for vazkii.patchouli.forge.common.ForgeModInitializer
[13Sep2026 16:59:53.585] [main/DEBUG] [net.minecraftforge.fml.javafmlmod.FMLJavaModLanguageProvider/LOADING]: Loading FMLModContainer from classloader cpw.mods.modlauncher.TransformingClassLoader@7fad214a - got cpw.mods.cl.ModuleClassLoader@aced190
[13Sep2026 16:59:53.585] [main/DEBUG] [net.minecraftforge.fml.javafmlmod.FMLModContainer/LOADING]: Creating FMLModContainer instance for xaero.minimap.XaeroMinimapForge
[13Sep2026 16:59:53.585] [main/DEBUG] [net.minecraftforge.fml.javafmlmod.FMLJavaModLanguageProvider/LOADING]: Loading FMLModContainer from classloader cpw.mods.modlauncher.TransformingClassLoader@7fad214a - got cpw.mods.cl.ModuleClassLoader@aced190
[13Sep2026 16:59:53.585] [main/DEBUG] [net.minecraftforge.fml.javafmlmod.FMLModContainer/LOADING]: Creating FMLModContainer instance for com.dragn0007.thatsjustpeachy.ThatsJustPeachy
[13Sep2026 16:59:53.585] [main/DEBUG] [net.minecraftforge.fml.javafmlmod.FMLJavaModLanguageProvider/LOADING]: Loading FMLModContainer from classloader cpw.mods.modlauncher.TransformingClassLoader@7fad214a - got cpw.mods.cl.ModuleClassLoader@aced190
[13Sep2026 16:59:53.585] [main/DEBUG] [net.minecraftforge.fml.javafmlmod.FMLModContainer/LOADING]: Creating FMLModContainer instance for com.mrbysco.spoiled.SpoiledForge
[13Sep2026 16:59:53.585] [main/DEBUG] [net.minecraftforge.fml.javafmlmod.FMLJavaModLanguageProvider/LOADING]: Loading FMLModContainer from classloader cpw.mods.modlauncher.TransformingClassLoader@7fad214a - got cpw.mods.cl.ModuleClassLoader@aced190
[13Sep2026 16:59:53.585] [main/DEBUG] [net.minecraftforge.fml.javafmlmod.FMLModContainer/LOADING]: Creating FMLModContainer instance for mezz.jei.forge.JustEnoughItems
[13Sep2026 16:59:53.611] [modloading-worker-0/DEBUG] [net.minecraftforge.fml.javafmlmod.AutomaticEventSubscriber/LOADING]: Attempting to inject @EventBusSubscriber classes into the eventbus for glitchcore
[13Sep2026 16:59:53.626] [modloading-worker-0/DEBUG] [net.minecraftforge.fml.javafmlmod.AutomaticEventSubscriber/LOADING]: Auto-subscribing glitchcore.forge.handlers.VillagerTradesEventHandler to FORGE
[13Sep2026 16:59:53.641] [modloading-worker-0/DEBUG] [mixin/]: Mixing impl.MixinEnvironment from glitchcore.forge.mixins.json into glitchcore.util.Environment
[13Sep2026 16:59:53.650] [modloading-worker-0/DEBUG] [net.minecraftforge.fml.javafmlmod.AutomaticEventSubscriber/LOADING]: Auto-subscribing glitchcore.forge.handlers.TooltipEventHandler to FORGE
[13Sep2026 16:59:53.650] [modloading-worker-0/DEBUG] [net.minecraftforge.fml.javafmlmod.AutomaticEventSubscriber/LOADING]: Auto-subscribing glitchcore.forge.handlers.ToolModificationEventHandler to FORGE
[13Sep2026 16:59:53.650] [modloading-worker-0/DEBUG] [net.minecraftforge.fml.javafmlmod.AutomaticEventSubscriber/LOADING]: Auto-subscribing glitchcore.forge.handlers.TickEventHandler to FORGE
[13Sep2026 16:59:53.650] [modloading-worker-0/DEBUG] [net.minecraftforge.versions.forge.ForgeVersion/CORE]: Forge Version package package net.minecraftforge.versions.forge, Forge, version 47.3 from cpw.mods.modlauncher.TransformingClassLoader@7fad214a
[13Sep2026 16:59:53.650] [modloading-worker-0/DEBUG] [net.minecraftforge.versions.forge.ForgeVersion/CORE]: Found Forge version 47.3.0
[13Sep2026 16:59:53.650] [modloading-worker-0/DEBUG] [net.minecraftforge.versions.forge.ForgeVersion/CORE]: Found Forge spec 47.3
[13Sep2026 16:59:53.650] [modloading-worker-0/DEBUG] [net.minecraftforge.versions.forge.ForgeVersion/CORE]: Found Forge group net.minecraftforge
[13Sep2026 16:59:53.650] [modloading-worker-0/DEBUG] [net.minecraftforge.versions.mcp.MCPVersion/CORE]: MCP Version package package net.minecraftforge.versions.mcp, Minecraft, version 1.20.1 from cpw.mods.modlauncher.TransformingClassLoader@7fad214a
[13Sep2026 16:59:53.650] [modloading-worker-0/DEBUG] [net.minecraftforge.versions.mcp.MCPVersion/CORE]: Found MC version information 1.20.1
[13Sep2026 16:59:53.650] [modloading-worker-0/DEBUG] [net.minecraftforge.versions.mcp.MCPVersion/CORE]: Found MCP version information 20230612.114412
[13Sep2026 16:59:53.650] [modloading-worker-0/INFO] [net.minecraftforge.common.ForgeMod/FORGEMOD]: Forge mod loading, version 47.3.0, for MC 1.20.1 with MCP 20230612.114412
[13Sep2026 16:59:53.666] [modloading-worker-0/DEBUG] [net.minecraftforge.fml.javafmlmod.AutomaticEventSubscriber/LOADING]: Auto-subscribing glitchcore.forge.handlers.TagsUpdatedEventHandler to FORGE
[13Sep2026 16:59:53.667] [modloading-worker-0/INFO] [net.minecraftforge.common.MinecraftForge/FORGE]: MinecraftForge v47.3.0 Initialized
[13Sep2026 16:59:53.669] [modloading-worker-0/DEBUG] [net.minecraftforge.fml.javafmlmod.AutomaticEventSubscriber/LOADING]: Auto-subscribing glitchcore.forge.handlers.RegistryEventHandler to MOD
[13Sep2026 16:59:53.669] [modloading-worker-0/DEBUG] [net.minecraftforge.fml.javafmlmod.AutomaticEventSubscriber/LOADING]: Auto-subscribing glitchcore.forge.handlers.RegisterParticleProvidersEventHandler to MOD
[13Sep2026 16:59:53.669] [modloading-worker-0/DEBUG] [net.minecraftforge.fml.config.ConfigTracker/CONFIG]: Config file patchouli-client.toml for patchouli tracking
[13Sep2026 16:59:53.677] [modloading-worker-0/DEBUG] [net.minecraftforge.fml.javafmlmod.AutomaticEventSubscriber/LOADING]: Attempting to inject @EventBusSubscriber classes into the eventbus for patchouli
[13Sep2026 16:59:53.677] [modloading-worker-0/DEBUG] [net.minecraftforge.fml.javafmlmod.AutomaticEventSubscriber/LOADING]: Auto-subscribing vazkii.patchouli.forge.common.ForgeModInitializer to MOD
[13Sep2026 16:59:53.678] [modloading-worker-0/DEBUG] [net.minecraftforge.fml.javafmlmod.AutomaticEventSubscriber/LOADING]: Auto-subscribing glitchcore.forge.handlers.RegisterCommandsEventHandler to FORGE
[13Sep2026 16:59:53.681] [modloading-worker-0/DEBUG] [net.minecraftforge.fml.javafmlmod.AutomaticEventSubscriber/LOADING]: Auto-subscribing vazkii.patchouli.forge.client.ForgeClientInitializer to MOD
[13Sep2026 16:59:53.686] [modloading-worker-0/DEBUG] [net.minecraftforge.fml.javafmlmod.AutomaticEventSubscriber/LOADING]: Auto-subscribing glitchcore.forge.handlers.PlayerQuitClientEventHandler to FORGE
[13Sep2026 16:59:53.686] [modloading-worker-0/DEBUG] [net.minecraftforge.coremod.transformer.CoreModBaseTransformer/COREMOD]: Transforming net/minecraft/server/MinecraftServer
[13Sep2026 16:59:53.686] [modloading-worker-0/DEBUG] [mixin/]: Mixing client.AccessorScreen from patchouli_xplat.mixins.json into net.minecraft.client.gui.screens.Screen
[13Sep2026 16:59:53.699] [modloading-worker-0/DEBUG] [net.minecraftforge.coremod.transformer.CoreModBaseTransformer/COREMOD]: Transforming respawn with desc ()V
[13Sep2026 16:59:53.699] [modloading-worker-0/DEBUG] [mixin/]: Mixing impl.MixinPacketHandler from glitchcore.forge.mixins.json into glitchcore.network.PacketHandler
[13Sep2026 16:59:53.699] [modloading-worker-0/DEBUG] [mixin/]: Renaming synthetic method lambda$init$3(Ljava/lang/String;)Ljava/lang/String; to md140405$lambda$init$3$0 in glitchcore.forge.mixins.json:impl.MixinPacketHandler
[13Sep2026 16:59:53.702] [modloading-worker-0/DEBUG] [mixin/]: Renaming synthetic method lambda$sendToPlayer$2(Lnet/minecraft/server/level/ServerPlayer;)Lnet/minecraft/server/level/ServerPlayer; to md140405$lambda$sendToPlayer$2$1 in glitchcore.forge.mixins.json:impl.MixinPacketHandler
[13Sep2026 16:59:53.702] [modloading-worker-0/DEBUG] [net.minecraftforge.fml.config.ConfigTracker/CONFIG]: Config file legendarysurvivaloverhaul/legendarysurvivaloverhaul-client.toml for legendarysurvivaloverhaul tracking
[13Sep2026 16:59:53.702] [modloading-worker-0/DEBUG] [net.minecraftforge.fml.config.ConfigTracker/CONFIG]: Config file legendarysurvivaloverhaul/legendarysurvivaloverhaul-common.toml for legendarysurvivaloverhaul tracking
[13Sep2026 16:59:53.702] [modloading-worker-0/DEBUG] [mixin/]: Renaming synthetic method lambda$register$1(Lglitchcore/network/CustomPacket;Lglitchcore/network/CustomPacket;Ljava/util/function/Supplier;)V to md140405$lambda$register$1$2 in glitchcore.forge.mixins.json:impl.MixinPacketHandler
[13Sep2026 16:59:53.702] [modloading-worker-0/DEBUG] [mixin/]: Renaming synthetic method lambda$register$0(Lglitchcore/network/CustomPacket;Lglitchcore/network/CustomPacket;Ljava/util/function/Supplier;)V to md140405$lambda$register$0$3 in glitchcore.forge.mixins.json:impl.MixinPacketHandler
[13Sep2026 16:59:53.716] [modloading-worker-0/DEBUG] [net.minecraftforge.coremod.transformer.CoreModBaseTransformer/COREMOD]: Transforming net/minecraft/server/MinecraftServer
[13Sep2026 16:59:53.727] [modloading-worker-0/DEBUG] [net.minecraftforge.coremod.transformer.CoreModBaseTransformer/COREMOD]: Transforming getCloakTextureLocation with desc ()Lnet/minecraft/resources/ResourceLocation;
[13Sep2026 16:59:53.736] [modloading-worker-0/DEBUG] [net.minecraftforge.fml.javafmlmod.AutomaticEventSubscriber/LOADING]: Auto-subscribing glitchcore.forge.handlers.PlayerLoggedInEventHandler to FORGE
[13Sep2026 16:59:53.737] [modloading-worker-0/DEBUG] [net.minecraftforge.fml.javafmlmod.AutomaticEventSubscriber/LOADING]: Auto-subscribing glitchcore.forge.handlers.LevelRenderEventHandler to FORGE
[13Sep2026 16:59:53.744] [modloading-worker-0/DEBUG] [mixin/]: Mixing client.MixinLevelRenderer from sereneseasons.mixins.json into net.minecraft.client.renderer.LevelRenderer
[13Sep2026 16:59:53.745] [modloading-worker-0/DEBUG] [mixin/]: Mixing client.MixinLevelRenderer from patchouli_xplat.mixins.json into net.minecraft.client.renderer.LevelRenderer
[13Sep2026 16:59:53.764] [modloading-worker-0/DEBUG] [io.netty.util.internal.PlatformDependent0/]: -Dio.netty.noUnsafe: false
[13Sep2026 16:59:53.765] [modloading-worker-0/DEBUG] [io.netty.util.internal.PlatformDependent0/]: Java version: 17
[13Sep2026 16:59:53.765] [modloading-worker-0/DEBUG] [io.netty.util.internal.PlatformDependent0/]: sun.misc.Unsafe.theUnsafe: available
[13Sep2026 16:59:53.766] [modloading-worker-0/DEBUG] [io.netty.util.internal.PlatformDependent0/]: sun.misc.Unsafe.copyMemory: available
[13Sep2026 16:59:53.766] [modloading-worker-0/DEBUG] [io.netty.util.internal.PlatformDependent0/]: sun.misc.Unsafe.storeFence: available
[13Sep2026 16:59:53.766] [modloading-worker-0/DEBUG] [io.netty.util.internal.PlatformDependent0/]: java.nio.Buffer.address: available
[13Sep2026 16:59:53.766] [modloading-worker-0/DEBUG] [io.netty.util.internal.PlatformDependent0/]: direct buffer constructor: unavailable
java.lang.UnsupportedOperationException: Reflective setAccessible(true) disabled
	at io.netty.util.internal.ReflectionUtil.trySetAccessible(ReflectionUtil.java:31) ~[netty-common-4.1.82.Final.jar%23151!/:4.1.82.Final]
	at io.netty.util.internal.PlatformDependent0$5.run(PlatformDependent0.java:288) ~[netty-common-4.1.82.Final.jar%23151!/:4.1.82.Final]
	at java.security.AccessController.doPrivileged(AccessController.java:318) ~[?:?]
	at io.netty.util.internal.PlatformDependent0.<clinit>(PlatformDependent0.java:282) ~[netty-common-4.1.82.Final.jar%23151!/:4.1.82.Final]
	at io.netty.util.internal.PlatformDependent.isAndroid(PlatformDependent.java:333) ~[netty-common-4.1.82.Final.jar%23151!/:4.1.82.Final]
	at io.netty.util.internal.PlatformDependent.<clinit>(PlatformDependent.java:88) ~[netty-common-4.1.82.Final.jar%23151!/:4.1.82.Final]
	at io.netty.util.ConstantPool.<init>(ConstantPool.java:34) ~[netty-common-4.1.82.Final.jar%23151!/:4.1.82.Final]
	at io.netty.util.AttributeKey$1.<init>(AttributeKey.java:27) ~[netty-common-4.1.82.Final.jar%23151!/:4.1.82.Final]
	at io.netty.util.AttributeKey.<clinit>(AttributeKey.java:27) ~[netty-common-4.1.82.Final.jar%23151!/:4.1.82.Final]
	at net.minecraftforge.network.NetworkConstants.<clinit>(NetworkConstants.java:34) ~[forge-1.20.1-47.3.0_mapped_official_1.20.1-recomp.jar%23190%23197!/:?]
	at net.minecraftforge.common.ForgeMod.<init>(ForgeMod.java:429) ~[forge-1.20.1-47.3.0_mapped_official_1.20.1-recomp.jar%23190%23197!/:?]
	at jdk.internal.reflect.NativeConstructorAccessorImpl.newInstance0(Native Method) ~[?:?]
	at jdk.internal.reflect.NativeConstructorAccessorImpl.newInstance(NativeConstructorAccessorImpl.java:77) ~[?:?]
	at jdk.internal.reflect.DelegatingConstructorAccessorImpl.newInstance(DelegatingConstructorAccessorImpl.java:45) ~[?:?]
	at java.lang.reflect.Constructor.newInstanceWithCaller(Constructor.java:499) ~[?:?]
	at java.lang.reflect.Constructor.newInstance(Constructor.java:480) ~[?:?]
	at net.minecraftforge.fml.javafmlmod.FMLModContainer.constructMod(FMLModContainer.java:70) ~[javafmllanguage-1.20.1-47.3.0.jar%23192!/:?]
	at net.minecraftforge.fml.ModContainer.lambda$buildTransitionHandler$4(ModContainer.java:124) ~[fmlcore-1.20.1-47.3.0.jar%23195!/:?]
	at java.util.concurrent.CompletableFuture$AsyncRun.run(CompletableFuture.java:1804) ~[?:?]
	at java.util.concurrent.CompletableFuture$AsyncRun.exec(CompletableFuture.java:1796) ~[?:?]
	at java.util.concurrent.ForkJoinTask.doExec(ForkJoinTask.java:373) ~[?:?]
	at java.util.concurrent.ForkJoinPool$WorkQueue.topLevelExec(ForkJoinPool.java:1182) ~[?:?]
	at java.util.concurrent.ForkJoinPool.scan(ForkJoinPool.java:1655) ~[?:?]
	at java.util.concurrent.ForkJoinPool.runWorker(ForkJoinPool.java:1622) ~[?:?]
	at java.util.concurrent.ForkJoinWorkerThread.run(ForkJoinWorkerThread.java:165) ~[?:?]
[13Sep2026 16:59:53.773] [modloading-worker-0/DEBUG] [io.netty.util.internal.PlatformDependent0/]: java.nio.Bits.unaligned: available, true
[13Sep2026 16:59:53.774] [modloading-worker-0/DEBUG] [io.netty.util.internal.PlatformDependent0/]: jdk.internal.misc.Unsafe.allocateUninitializedArray(int): unavailable
java.lang.IllegalAccessException: class io.netty.util.internal.PlatformDependent0$7 (in module io.netty.common) cannot access class jdk.internal.misc.Unsafe (in module java.base) because module java.base does not export jdk.internal.misc to module io.netty.common
	at jdk.internal.reflect.Reflection.newIllegalAccessException(Reflection.java:392) ~[?:?]
	at java.lang.reflect.AccessibleObject.checkAccess(AccessibleObject.java:674) ~[?:?]
	at java.lang.reflect.Method.invoke(Method.java:560) ~[?:?]
	at io.netty.util.internal.PlatformDependent0$7.run(PlatformDependent0.java:410) ~[netty-common-4.1.82.Final.jar%23151!/:4.1.82.Final]
	at java.security.AccessController.doPrivileged(AccessController.java:318) ~[?:?]
	at io.netty.util.internal.PlatformDependent0.<clinit>(PlatformDependent0.java:401) ~[netty-common-4.1.82.Final.jar%23151!/:4.1.82.Final]
	at io.netty.util.internal.PlatformDependent.isAndroid(PlatformDependent.java:333) ~[netty-common-4.1.82.Final.jar%23151!/:4.1.82.Final]
	at io.netty.util.internal.PlatformDependent.<clinit>(PlatformDependent.java:88) ~[netty-common-4.1.82.Final.jar%23151!/:4.1.82.Final]
	at io.netty.util.ConstantPool.<init>(ConstantPool.java:34) ~[netty-common-4.1.82.Final.jar%23151!/:4.1.82.Final]
	at io.netty.util.AttributeKey$1.<init>(AttributeKey.java:27) ~[netty-common-4.1.82.Final.jar%23151!/:4.1.82.Final]
	at io.netty.util.AttributeKey.<clinit>(AttributeKey.java:27) ~[netty-common-4.1.82.Final.jar%23151!/:4.1.82.Final]
	at net.minecraftforge.network.NetworkConstants.<clinit>(NetworkConstants.java:34) ~[forge-1.20.1-47.3.0_mapped_official_1.20.1-recomp.jar%23190%23197!/:?]
	at net.minecraftforge.common.ForgeMod.<init>(ForgeMod.java:429) ~[forge-1.20.1-47.3.0_mapped_official_1.20.1-recomp.jar%23190%23197!/:?]
	at jdk.internal.reflect.NativeConstructorAccessorImpl.newInstance0(Native Method) ~[?:?]
	at jdk.internal.reflect.NativeConstructorAccessorImpl.newInstance(NativeConstructorAccessorImpl.java:77) ~[?:?]
	at jdk.internal.reflect.DelegatingConstructorAccessorImpl.newInstance(DelegatingConstructorAccessorImpl.java:45) ~[?:?]
	at java.lang.reflect.Constructor.newInstanceWithCaller(Constructor.java:499) ~[?:?]
	at java.lang.reflect.Constructor.newInstance(Constructor.java:480) ~[?:?]
	at net.minecraftforge.fml.javafmlmod.FMLModContainer.constructMod(FMLModContainer.java:70) ~[javafmllanguage-1.20.1-47.3.0.jar%23192!/:?]
	at net.minecraftforge.fml.ModContainer.lambda$buildTransitionHandler$4(ModContainer.java:124) ~[fmlcore-1.20.1-47.3.0.jar%23195!/:?]
	at java.util.concurrent.CompletableFuture$AsyncRun.run(CompletableFuture.java:1804) ~[?:?]
	at java.util.concurrent.CompletableFuture$AsyncRun.exec(CompletableFuture.java:1796) ~[?:?]
	at java.util.concurrent.ForkJoinTask.doExec(ForkJoinTask.java:373) ~[?:?]
	at java.util.concurrent.ForkJoinPool$WorkQueue.topLevelExec(ForkJoinPool.java:1182) ~[?:?]
	at java.util.concurrent.ForkJoinPool.scan(ForkJoinPool.java:1655) ~[?:?]
	at java.util.concurrent.ForkJoinPool.runWorker(ForkJoinPool.java:1622) ~[?:?]
	at java.util.concurrent.ForkJoinWorkerThread.run(ForkJoinWorkerThread.java:165) ~[?:?]
[13Sep2026 16:59:53.775] [modloading-worker-0/DEBUG] [io.netty.util.internal.PlatformDependent0/]: java.nio.DirectByteBuffer.<init>(long, int): unavailable
[13Sep2026 16:59:53.776] [modloading-worker-0/DEBUG] [io.netty.util.internal.PlatformDependent/]: sun.misc.Unsafe: available
[13Sep2026 16:59:53.776] [modloading-worker-0/DEBUG] [io.netty.util.internal.PlatformDependent/]: maxDirectMemory: 8573157376 bytes (maybe)
[13Sep2026 16:59:53.777] [modloading-worker-0/DEBUG] [io.netty.util.internal.PlatformDependent/]: -Dio.netty.tmpdir: C:\Users\kylie\AppData\Local\Temp (java.io.tmpdir)
[13Sep2026 16:59:53.777] [modloading-worker-0/DEBUG] [io.netty.util.internal.PlatformDependent/]: -Dio.netty.bitMode: 64 (sun.arch.data.model)
[13Sep2026 16:59:53.777] [modloading-worker-0/DEBUG] [io.netty.util.internal.PlatformDependent/]: Platform: Windows
[13Sep2026 16:59:53.778] [modloading-worker-0/DEBUG] [io.netty.util.internal.PlatformDependent/]: -Dio.netty.maxDirectMemory: -1 bytes
[13Sep2026 16:59:53.778] [modloading-worker-0/DEBUG] [io.netty.util.internal.PlatformDependent/]: -Dio.netty.uninitializedArrayAllocationThreshold: -1
[13Sep2026 16:59:53.778] [modloading-worker-0/DEBUG] [io.netty.util.internal.CleanerJava9/]: java.nio.ByteBuffer.cleaner(): available
[13Sep2026 16:59:53.778] [modloading-worker-0/DEBUG] [io.netty.util.internal.PlatformDependent/]: -Dio.netty.noPreferDirect: false
[13Sep2026 16:59:53.797] [modloading-worker-0/DEBUG] [net.minecraftforge.fml.javafmlmod.AutomaticEventSubscriber/LOADING]: Attempting to inject @EventBusSubscriber classes into the eventbus for worldedit
[13Sep2026 16:59:53.806] [modloading-worker-0/DEBUG] [mixin/]: Mixing client.MixinGuiGraphics from glitchcore.forge.mixins.json into net.minecraft.client.gui.GuiGraphics
[13Sep2026 16:59:53.823] [modloading-worker-0/DEBUG] [net.minecraftforge.fml.javafmlmod.AutomaticEventSubscriber/LOADING]: Auto-subscribing glitchcore.forge.handlers.InteractionEventHandler to FORGE
[13Sep2026 16:59:53.823] [modloading-worker-0/DEBUG] [net.minecraftforge.fml.javafmlmod.AutomaticEventSubscriber/LOADING]: Auto-subscribing glitchcore.forge.handlers.ColorsEventHandler to MOD
[13Sep2026 16:59:53.823] [modloading-worker-0/DEBUG] [net.minecraftforge.fml.javafmlmod.AutomaticEventSubscriber/LOADING]: Attempting to inject @EventBusSubscriber classes into the eventbus for sereneseasons
[13Sep2026 16:59:53.823] [modloading-worker-0/DEBUG] [net.minecraftforge.fml.javafmlmod.AutomaticEventSubscriber/LOADING]: Auto-subscribing sereneseasons.forge.datagen.DataGenerationHandler to MOD
[13Sep2026 16:59:53.823] [modloading-worker-0/DEBUG] [xaero.hud.minimap.MinimapLogs/]: Loaded xaero.common.platform.services.ForgePlatformHelper@286569f0 for service interface xaero.common.platform.services.IPlatformHelper
[13Sep2026 16:59:53.839] [modloading-worker-0/DEBUG] [net.minecraftforge.fml.config.ConfigTracker/CONFIG]: Config file jei-server.toml for jei tracking
[13Sep2026 16:59:53.839] [modloading-worker-0/DEBUG] [net.minecraftforge.fml.config.ConfigTracker/CONFIG]: Config file spoiled-client.toml for spoiled tracking
[13Sep2026 16:59:53.839] [modloading-worker-0/DEBUG] [net.minecraftforge.fml.config.ConfigTracker/CONFIG]: Config file spoiled-common.toml for spoiled tracking
[13Sep2026 16:59:53.839] [modloading-worker-0/DEBUG] [net.minecraftforge.fml.javafmlmod.AutomaticEventSubscriber/LOADING]: Attempting to inject @EventBusSubscriber classes into the eventbus for thatsjustpeachy
[13Sep2026 16:59:53.839] [modloading-worker-0/DEBUG] [net.minecraftforge.fml.javafmlmod.AutomaticEventSubscriber/LOADING]: Auto-subscribing com.dragn0007.thatsjustpeachy.datagen.JsonDataGenerator to MOD
[13Sep2026 16:59:53.854] [modloading-worker-0/DEBUG] [net.minecraftforge.fml.javafmlmod.AutomaticEventSubscriber/LOADING]: Attempting to inject @EventBusSubscriber classes into the eventbus for jade
[13Sep2026 16:59:53.854] [modloading-worker-0/DEBUG] [net.minecraftforge.common.ForgeMod/FORGEMOD]: Loading Network data for FML net version: FML3
[13Sep2026 16:59:53.862] [modloading-worker-0/DEBUG] [Spoiled/]: Loaded com.mrbysco.spoiled.platform.ForgePlatformHelper@2f264dee for service interface com.mrbysco.spoiled.platform.services.IPlatformHelper
[13Sep2026 16:59:53.862] [modloading-worker-0/DEBUG] [Spoiled/]: Loaded com.mrbysco.spoiled.ForgeRegistrationFactory@79551950 for service interface com.mrbysco.spoiled.registration.RegistrationProvider$Factory
[13Sep2026 16:59:53.867] [modloading-worker-0/DEBUG] [mixin/]: Mixing client.AccessorKeyMapping from patchouli_xplat.mixins.json into net.minecraft.client.KeyMapping
[13Sep2026 16:59:53.868] [modloading-worker-0/DEBUG] [mixin/]: Renaming @Accessor method getAllKeyMappings()Ljava/util/Map; to getAllKeyMappings_$md$140405$0 in patchouli_xplat.mixins.json:client.AccessorKeyMapping
[13Sep2026 16:59:53.885] [modloading-worker-0/DEBUG] [net.minecraftforge.fml.javafmlmod.AutomaticEventSubscriber/LOADING]: Attempting to inject @EventBusSubscriber classes into the eventbus for spoiled
[13Sep2026 16:59:53.885] [modloading-worker-0/DEBUG] [net.minecraftforge.fml.javafmlmod.AutomaticEventSubscriber/LOADING]: Auto-subscribing com.mrbysco.spoiled.datagen.SpoiledDataGen to MOD
[13Sep2026 16:59:53.890] [modloading-worker-0/DEBUG] [net.minecraftforge.fml.config.ConfigTracker/CONFIG]: Config file forge-client.toml for forge tracking
[13Sep2026 16:59:53.890] [modloading-worker-0/DEBUG] [net.minecraftforge.fml.config.ConfigTracker/CONFIG]: Config file forge-server.toml for forge tracking
[13Sep2026 16:59:53.890] [modloading-worker-0/DEBUG] [net.minecraftforge.fml.ModLoadingContext/]: Attempted to register an empty config for type COMMON on mod forge
[13Sep2026 16:59:53.908] [modloading-worker-0/DEBUG] [mezz.jei.common.platform.Services/]: Loaded mezz.jei.forge.platform.PlatformHelper@764233d2 for service interface mezz.jei.common.platform.IPlatformHelper
[13Sep2026 16:59:53.908] [modloading-worker-0/DEBUG] [net.minecraftforge.fml.javafmlmod.AutomaticEventSubscriber/LOADING]: Attempting to inject @EventBusSubscriber classes into the eventbus for forge
[13Sep2026 16:59:53.908] [modloading-worker-0/DEBUG] [net.minecraftforge.fml.javafmlmod.AutomaticEventSubscriber/LOADING]: Auto-subscribing net.minecraftforge.common.ForgeSpawnEggItem$CommonHandler to MOD
[13Sep2026 16:59:53.913] [modloading-worker-0/DEBUG] [net.minecraftforge.fml.javafmlmod.AutomaticEventSubscriber/LOADING]: Auto-subscribing net.minecraftforge.common.ForgeSpawnEggItem$ColorRegisterHandler to MOD
[13Sep2026 16:59:53.913] [modloading-worker-0/DEBUG] [net.minecraftforge.fml.javafmlmod.AutomaticEventSubscriber/LOADING]: Auto-subscribing net.minecraftforge.client.model.data.ModelDataManager to FORGE
[13Sep2026 16:59:53.919] [modloading-worker-0/DEBUG] [net.minecraftforge.fml.javafmlmod.AutomaticEventSubscriber/LOADING]: Auto-subscribing net.minecraftforge.client.ForgeHooksClient$ClientEvents to MOD
[13Sep2026 16:59:53.926] [modloading-worker-0/DEBUG] [mixin/]: Mixing ForgeHooksClientMixin from spoiled.forge.mixins.json into net.minecraftforge.client.ForgeHooksClient
[13Sep2026 16:59:53.933] [modloading-worker-0/DEBUG] [sfiomn.legendarysurvivaloverhaul.LegendarySurvivalOverhaul/]: Serene Seasons is loaded, enabling compatibility
[13Sep2026 16:59:53.936] [modloading-worker-0/DEBUG] [net.minecraftforge.fml.javafmlmod.AutomaticEventSubscriber/LOADING]: Attempting to inject @EventBusSubscriber classes into the eventbus for xaerominimap
[13Sep2026 16:59:53.936] [modloading-worker-0/DEBUG] [net.minecraftforge.fml.javafmlmod.AutomaticEventSubscriber/LOADING]: Auto-subscribing net.minecraftforge.client.ClientForgeMod to MOD
[13Sep2026 16:59:53.939] [modloading-worker-0/DEBUG] [net.minecraftforge.fml.javafmlmod.AutomaticEventSubscriber/LOADING]: Attempting to inject @EventBusSubscriber classes into the eventbus for legendarysurvivaloverhaul
[13Sep2026 16:59:53.939] [modloading-worker-0/DEBUG] [net.minecraftforge.fml.javafmlmod.AutomaticEventSubscriber/LOADING]: Auto-subscribing sfiomn.legendarysurvivaloverhaul.registry.KeyMappingRegistry to MOD
[13Sep2026 16:59:53.939] [modloading-worker-0/DEBUG] [net.minecraftforge.fml.javafmlmod.AutomaticEventSubscriber/LOADING]: Auto-subscribing sfiomn.legendarysurvivaloverhaul.data.DataGenerators to MOD
[13Sep2026 16:59:53.939] [modloading-worker-0/DEBUG] [net.minecraftforge.fml.javafmlmod.AutomaticEventSubscriber/LOADING]: Auto-subscribing sfiomn.legendarysurvivaloverhaul.common.events.CommonModBusEvents to MOD
[13Sep2026 16:59:53.939] [modloading-worker-0/DEBUG] [net.minecraftforge.fml.javafmlmod.AutomaticEventSubscriber/LOADING]: Auto-subscribing sfiomn.legendarysurvivaloverhaul.common.events.CommonForgeEvents to FORGE
[13Sep2026 16:59:53.939] [modloading-worker-0/DEBUG] [net.minecraftforge.coremod.transformer.CoreModBaseTransformer/COREMOD]: Transforming net/minecraft/client/Minecraft
[13Sep2026 16:59:53.949] [modloading-worker-0/DEBUG] [mixin/]: Mixing client.MixinMinecraft from glitchcore.mixins.json into net.minecraft.client.Minecraft
[13Sep2026 16:59:53.951] [modloading-worker-0/DEBUG] [net.minecraftforge.coremod.transformer.CoreModBaseTransformer/COREMOD]: Transforming respawn with desc ()V
[13Sep2026 16:59:53.954] [modloading-worker-0/DEBUG] [net.minecraftforge.coremod.transformer.CoreModBaseTransformer/COREMOD]: Transforming getCloakTextureLocation with desc ()Lnet/minecraft/resources/ResourceLocation;
[13Sep2026 16:59:53.978] [modloading-worker-0/DEBUG] [net.minecraftforge.coremod.transformer.CoreModBaseTransformer/COREMOD]: Transforming sendLevelInfo with desc (Lnet/minecraft/server/level/ServerPlayer;Lnet/minecraft/server/level/ServerLevel;)V
[13Sep2026 16:59:53.983] [modloading-worker-0/DEBUG] [net.minecraftforge.fml.javafmlmod.AutomaticEventSubscriber/LOADING]: Attempting to inject @EventBusSubscriber classes into the eventbus for dragncrops
[13Sep2026 16:59:53.983] [modloading-worker-0/DEBUG] [net.minecraftforge.fml.javafmlmod.AutomaticEventSubscriber/LOADING]: Auto-subscribing com.dragn0007.dragncrops.event.ForgeEvent to FORGE
[13Sep2026 16:59:53.983] [modloading-worker-0/DEBUG] [net.minecraftforge.fml.javafmlmod.AutomaticEventSubscriber/LOADING]: Auto-subscribing com.dragn0007.dragncrops.datagen.JsonDataGenerator to MOD
[13Sep2026 16:59:53.983] [modloading-worker-0/DEBUG] [net.minecraftforge.fml.javafmlmod.AutomaticEventSubscriber/LOADING]: Auto-subscribing com.dragn0007.dragncrops.client.event.ClientForgeEvent to FORGE
[13Sep2026 16:59:53.988] [modloading-worker-0/DEBUG] [net.minecraftforge.fml.javafmlmod.AutomaticEventSubscriber/LOADING]: Auto-subscribing com.dragn0007.dragncrops.client.event.ClientCropsEvent to MOD
[13Sep2026 16:59:53.988] [modloading-worker-0/DEBUG] [net.minecraftforge.fml.javafmlmod.AutomaticEventSubscriber/LOADING]: Auto-subscribing sfiomn.legendarysurvivaloverhaul.common.capabilities.ModCapabilities to FORGE
[13Sep2026 16:59:53.988] [modloading-worker-0/DEBUG] [net.minecraftforge.fml.javafmlmod.AutomaticEventSubscriber/LOADING]: Auto-subscribing sfiomn.legendarysurvivaloverhaul.client.tooltips.TooltipHandler to FORGE
[13Sep2026 16:59:53.988] [modloading-worker-0/DEBUG] [net.minecraftforge.fml.javafmlmod.AutomaticEventSubscriber/LOADING]: Auto-subscribing sfiomn.legendarysurvivaloverhaul.client.events.ClientModBusEvents to MOD
[13Sep2026 16:59:53.996] [modloading-worker-0/DEBUG] [net.minecraftforge.fml.javafmlmod.AutomaticEventSubscriber/LOADING]: Auto-subscribing sfiomn.legendarysurvivaloverhaul.client.events.ClientForgeEvents to FORGE
[13Sep2026 16:59:54.000] [modloading-worker-0/DEBUG] [mixin/]: Mixing client.MixinInventoryScreen from patchouli_xplat.mixins.json into net.minecraft.client.gui.screens.inventory.InventoryScreen
[13Sep2026 16:59:54.020] [modloading-worker-0/DEBUG] [net.minecraftforge.fml.javafmlmod.AutomaticEventSubscriber/LOADING]: Auto-subscribing sfiomn.legendarysurvivaloverhaul.LegendarySurvivalOverhaul$ClientModEvents to MOD
[13Sep2026 16:59:54.054] [modloading-worker-0/DEBUG] [mezz.jei.common.config.file.ConfigSerializer/]: Loading config file: E:\IntelliJ Projects\Thats_Just_Peachy_Remastered\run-data\config\jei\jei-debug.ini
[13Sep2026 16:59:54.054] [modloading-worker-0/DEBUG] [mezz.jei.common.config.file.ConfigSerializer/]: Saving config file: E:\IntelliJ Projects\Thats_Just_Peachy_Remastered\run-data\config\jei\jei-debug.ini
[13Sep2026 16:59:54.054] [modloading-worker-0/DEBUG] [mezz.jei.common.config.file.ConfigSerializer/]: Loading config file: E:\IntelliJ Projects\Thats_Just_Peachy_Remastered\run-data\config\jei\jei-mod-id-format.ini
[13Sep2026 16:59:54.054] [modloading-worker-0/DEBUG] [mezz.jei.common.config.file.ConfigSerializer/]: Saving config file: E:\IntelliJ Projects\Thats_Just_Peachy_Remastered\run-data\config\jei\jei-mod-id-format.ini
[13Sep2026 16:59:54.054] [modloading-worker-0/DEBUG] [mezz.jei.common.config.file.ConfigSerializer/]: Loading config file: E:\IntelliJ Projects\Thats_Just_Peachy_Remastered\run-data\config\jei\jei-colors.ini
[13Sep2026 16:59:54.054] [modloading-worker-0/DEBUG] [mezz.jei.common.config.file.ConfigSerializer/]: Saving config file: E:\IntelliJ Projects\Thats_Just_Peachy_Remastered\run-data\config\jei\jei-colors.ini
[13Sep2026 16:59:54.070] [modloading-worker-0/DEBUG] [mezz.jei.common.config.file.ConfigSerializer/]: Loading config file: E:\IntelliJ Projects\Thats_Just_Peachy_Remastered\run-data\config\jei\jei-client.ini
[13Sep2026 16:59:54.070] [modloading-worker-0/DEBUG] [mezz.jei.common.config.file.ConfigSerializer/]: Saving config file: E:\IntelliJ Projects\Thats_Just_Peachy_Remastered\run-data\config\jei\jei-client.ini
[13Sep2026 16:59:54.070] [modloading-worker-0/INFO] [mezz.jei.library.load.PluginCaller/]: Sending ConfigManager...
[13Sep2026 16:59:54.070] [modloading-worker-0/DEBUG] [mezz.jei.library.load.PluginCallerTimerRunnable/]: Sending ConfigManager: jei:minecraft...
[13Sep2026 16:59:54.070] [modloading-worker-0/DEBUG] [mezz.jei.library.load.PluginCallerTimerRunnable/]: Sending ConfigManager: dragncrops:dragncrops_jei...
[13Sep2026 16:59:54.070] [modloading-worker-0/DEBUG] [mezz.jei.library.load.PluginCallerTimerRunnable/]: Sending ConfigManager: legendarysurvivaloverhaul:jei_plugin...
[13Sep2026 16:59:54.070] [modloading-worker-0/DEBUG] [mezz.jei.library.load.PluginCallerTimerRunnable/]: Sending ConfigManager: jade:main...
[13Sep2026 16:59:54.070] [modloading-worker-0/DEBUG] [mezz.jei.library.load.PluginCallerTimerRunnable/]: Sending ConfigManager: patchouli:patchouli...
[13Sep2026 16:59:54.070] [modloading-worker-0/DEBUG] [mezz.jei.library.load.PluginCallerTimerRunnable/]: Sending ConfigManager: spoiled:main...
[13Sep2026 16:59:54.070] [modloading-worker-0/DEBUG] [mezz.jei.library.load.PluginCallerTimerRunnable/]: Sending ConfigManager: jei:debug...
[13Sep2026 16:59:54.070] [modloading-worker-0/DEBUG] [mezz.jei.library.load.PluginCallerTimerRunnable/]: Sending ConfigManager: jei:gui...
[13Sep2026 16:59:54.070] [modloading-worker-0/DEBUG] [mezz.jei.library.load.PluginCallerTimerRunnable/]: Sending ConfigManager: jei:forge_gui...
[13Sep2026 16:59:54.070] [modloading-worker-0/DEBUG] [mezz.jei.library.load.PluginCallerTimerRunnable/]: Sending ConfigManager: jei:internal...
[13Sep2026 16:59:54.070] [modloading-worker-0/INFO] [mezz.jei.library.load.PluginCaller/]: Sending ConfigManager took 2.031 ms
[13Sep2026 16:59:54.086] [modloading-worker-0/DEBUG] [net.minecraftforge.fml.javafmlmod.AutomaticEventSubscriber/LOADING]: Attempting to inject @EventBusSubscriber classes into the eventbus for jei
[13Sep2026 16:59:54.101] [main/DEBUG] [net.minecraftforge.registries.ObjectHolderRegistry/REGISTRIES]: Processing ObjectHolder annotations
[13Sep2026 16:59:54.123] [main/DEBUG] [net.minecraftforge.registries.ObjectHolderRegistry/REGISTRIES]: Found 4691 ObjectHolder annotations
[13Sep2026 16:59:54.123] [main/DEBUG] [net.minecraftforge.common.capabilities.CapabilityManager/CAPABILITIES]: Attempting to automatically register: Lnet/minecraftforge/energy/IEnergyStorage;
[13Sep2026 16:59:54.123] [main/DEBUG] [net.minecraftforge.common.capabilities.CapabilityManager/CAPABILITIES]: Attempting to automatically register: Lnet/minecraftforge/fluids/capability/IFluidHandler;
[13Sep2026 16:59:54.123] [main/DEBUG] [net.minecraftforge.common.capabilities.CapabilityManager/CAPABILITIES]: Attempting to automatically register: Lnet/minecraftforge/fluids/capability/IFluidHandlerItem;
[13Sep2026 16:59:54.123] [main/DEBUG] [net.minecraftforge.common.capabilities.CapabilityManager/CAPABILITIES]: Attempting to automatically register: Lnet/minecraftforge/items/IItemHandler;
[13Sep2026 16:59:54.123] [main/DEBUG] [net.minecraftforge.registries.GameData/REGISTRIES]: Unfreezing vanilla registries
[13Sep2026 16:59:54.123] [main/DEBUG] [net.minecraftforge.registries.GameData/REGISTRIES]: Applying holder lookups: minecraft:sound_event
[13Sep2026 16:59:54.123] [main/DEBUG] [net.minecraftforge.registries.GameData/REGISTRIES]: Holder lookups applied: minecraft:sound_event
[13Sep2026 16:59:54.123] [main/DEBUG] [net.minecraftforge.registries.GameData/REGISTRIES]: Applying holder lookups: minecraft:fluid
[13Sep2026 16:59:54.123] [main/DEBUG] [net.minecraftforge.registries.GameData/REGISTRIES]: Holder lookups applied: minecraft:fluid
[13Sep2026 16:59:55.588] [main/DEBUG] [net.minecraftforge.registries.GameData/REGISTRIES]: Applying holder lookups: minecraft:block
[13Sep2026 16:59:55.588] [main/DEBUG] [net.minecraftforge.registries.GameData/REGISTRIES]: Holder lookups applied: minecraft:block
[13Sep2026 16:59:55.588] [main/DEBUG] [net.minecraftforge.registries.GameData/REGISTRIES]: Applying holder lookups: minecraft:attribute
[13Sep2026 16:59:55.588] [main/DEBUG] [net.minecraftforge.registries.GameData/REGISTRIES]: Holder lookups applied: minecraft:attribute
[13Sep2026 16:59:55.588] [main/DEBUG] [net.minecraftforge.registries.GameData/REGISTRIES]: Applying holder lookups: minecraft:mob_effect
[13Sep2026 16:59:55.588] [main/DEBUG] [net.minecraftforge.registries.GameData/REGISTRIES]: Holder lookups applied: minecraft:mob_effect
[13Sep2026 16:59:55.588] [main/DEBUG] [net.minecraftforge.registries.GameData/REGISTRIES]: Applying holder lookups: minecraft:particle_type
[13Sep2026 16:59:55.604] [main/DEBUG] [net.minecraftforge.registries.GameData/REGISTRIES]: Holder lookups applied: minecraft:particle_type
[13Sep2026 16:59:55.626] [main/DEBUG] [net.minecraftforge.registries.GameData/REGISTRIES]: Applying holder lookups: minecraft:item
[13Sep2026 16:59:55.626] [main/DEBUG] [net.minecraftforge.registries.GameData/REGISTRIES]: Holder lookups applied: minecraft:item
[13Sep2026 16:59:55.626] [main/DEBUG] [net.minecraftforge.registries.GameData/REGISTRIES]: Applying holder lookups: minecraft:entity_type
[13Sep2026 16:59:55.626] [main/DEBUG] [net.minecraftforge.registries.GameData/REGISTRIES]: Holder lookups applied: minecraft:entity_type
[13Sep2026 16:59:55.626] [main/DEBUG] [net.minecraftforge.registries.GameData/REGISTRIES]: Applying holder lookups: minecraft:sensor_type
[13Sep2026 16:59:55.626] [main/DEBUG] [net.minecraftforge.registries.GameData/REGISTRIES]: Holder lookups applied: minecraft:sensor_type
[13Sep2026 16:59:55.626] [main/DEBUG] [net.minecraftforge.registries.GameData/REGISTRIES]: Applying holder lookups: minecraft:memory_module_type
[13Sep2026 16:59:55.626] [main/DEBUG] [net.minecraftforge.registries.GameData/REGISTRIES]: Holder lookups applied: minecraft:memory_module_type
[13Sep2026 16:59:55.626] [main/DEBUG] [net.minecraftforge.registries.GameData/REGISTRIES]: Applying holder lookups: minecraft:potion
[13Sep2026 16:59:55.626] [main/DEBUG] [net.minecraftforge.registries.GameData/REGISTRIES]: Holder lookups applied: minecraft:potion
[13Sep2026 16:59:55.626] [main/DEBUG] [net.minecraftforge.registries.GameData/REGISTRIES]: Applying holder lookups: minecraft:game_event
[13Sep2026 16:59:55.626] [main/DEBUG] [net.minecraftforge.registries.GameData/REGISTRIES]: Holder lookups applied: minecraft:game_event
[13Sep2026 16:59:55.626] [main/DEBUG] [net.minecraftforge.registries.GameData/REGISTRIES]: Applying holder lookups: minecraft:enchantment
[13Sep2026 16:59:55.626] [main/DEBUG] [net.minecraftforge.registries.GameData/REGISTRIES]: Holder lookups applied: minecraft:enchantment
[13Sep2026 16:59:55.642] [main/DEBUG] [net.minecraftforge.registries.GameData/REGISTRIES]: Applying holder lookups: minecraft:block_entity_type
[13Sep2026 16:59:55.642] [main/DEBUG] [net.minecraftforge.registries.GameData/REGISTRIES]: Holder lookups applied: minecraft:block_entity_type
[13Sep2026 16:59:55.642] [main/DEBUG] [net.minecraftforge.registries.GameData/REGISTRIES]: Applying holder lookups: minecraft:painting_variant
[13Sep2026 16:59:55.642] [main/DEBUG] [net.minecraftforge.registries.GameData/REGISTRIES]: Holder lookups applied: minecraft:painting_variant
[13Sep2026 16:59:55.642] [main/DEBUG] [net.minecraftforge.registries.GameData/REGISTRIES]: Applying holder lookups: minecraft:stat_type
[13Sep2026 16:59:55.642] [main/DEBUG] [net.minecraftforge.registries.GameData/REGISTRIES]: Holder lookups applied: minecraft:stat_type
[13Sep2026 16:59:55.642] [main/DEBUG] [net.minecraftforge.registries.GameData/REGISTRIES]: Applying holder lookups: minecraft:custom_stat
[13Sep2026 16:59:55.642] [main/DEBUG] [net.minecraftforge.registries.GameData/REGISTRIES]: Holder lookups applied: minecraft:custom_stat
[13Sep2026 16:59:55.642] [main/DEBUG] [net.minecraftforge.registries.GameData/REGISTRIES]: Applying holder lookups: minecraft:chunk_status
[13Sep2026 16:59:55.642] [main/DEBUG] [net.minecraftforge.registries.GameData/REGISTRIES]: Holder lookups applied: minecraft:chunk_status
[13Sep2026 16:59:55.642] [main/DEBUG] [net.minecraftforge.registries.GameData/REGISTRIES]: Applying holder lookups: minecraft:rule_test
[13Sep2026 16:59:55.642] [main/DEBUG] [net.minecraftforge.registries.GameData/REGISTRIES]: Holder lookups applied: minecraft:rule_test
[13Sep2026 16:59:55.642] [main/DEBUG] [net.minecraftforge.registries.GameData/REGISTRIES]: Applying holder lookups: minecraft:rule_block_entity_modifier
[13Sep2026 16:59:55.642] [main/DEBUG] [net.minecraftforge.registries.GameData/REGISTRIES]: Holder lookups applied: minecraft:rule_block_entity_modifier
[13Sep2026 16:59:55.642] [main/DEBUG] [net.minecraftforge.registries.GameData/REGISTRIES]: Applying holder lookups: minecraft:pos_rule_test
[13Sep2026 16:59:55.642] [main/DEBUG] [net.minecraftforge.registries.GameData/REGISTRIES]: Holder lookups applied: minecraft:pos_rule_test
[13Sep2026 16:59:55.642] [main/DEBUG] [net.minecraftforge.registries.GameData/REGISTRIES]: Applying holder lookups: minecraft:menu
[13Sep2026 16:59:55.642] [main/DEBUG] [net.minecraftforge.registries.GameData/REGISTRIES]: Holder lookups applied: minecraft:menu
[13Sep2026 16:59:55.657] [main/DEBUG] [net.minecraftforge.registries.GameData/REGISTRIES]: Applying holder lookups: minecraft:recipe_type
[13Sep2026 16:59:55.657] [main/DEBUG] [net.minecraftforge.registries.GameData/REGISTRIES]: Holder lookups applied: minecraft:recipe_type
[13Sep2026 16:59:55.726] [main/DEBUG] [net.minecraftforge.registries.GameData/REGISTRIES]: Applying holder lookups: minecraft:recipe_serializer
[13Sep2026 16:59:55.726] [main/DEBUG] [net.minecraftforge.registries.GameData/REGISTRIES]: Holder lookups applied: minecraft:recipe_serializer
[13Sep2026 16:59:55.726] [main/DEBUG] [net.minecraftforge.registries.GameData/REGISTRIES]: Applying holder lookups: minecraft:position_source_type
[13Sep2026 16:59:55.726] [main/DEBUG] [net.minecraftforge.registries.GameData/REGISTRIES]: Holder lookups applied: minecraft:position_source_type
[13Sep2026 16:59:55.742] [main/DEBUG] [net.minecraftforge.registries.GameData/REGISTRIES]: Applying holder lookups: minecraft:command_argument_type
[13Sep2026 16:59:55.742] [main/DEBUG] [net.minecraftforge.registries.GameData/REGISTRIES]: Holder lookups applied: minecraft:command_argument_type
[13Sep2026 16:59:55.742] [main/DEBUG] [net.minecraftforge.registries.GameData/REGISTRIES]: Applying holder lookups: minecraft:villager_type
[13Sep2026 16:59:55.742] [main/DEBUG] [net.minecraftforge.registries.GameData/REGISTRIES]: Holder lookups applied: minecraft:villager_type
[13Sep2026 16:59:55.742] [main/DEBUG] [net.minecraftforge.registries.GameData/REGISTRIES]: Applying holder lookups: minecraft:villager_profession
[13Sep2026 16:59:55.742] [main/DEBUG] [net.minecraftforge.registries.GameData/REGISTRIES]: Holder lookups applied: minecraft:villager_profession
[13Sep2026 16:59:55.742] [main/DEBUG] [net.minecraftforge.registries.GameData/REGISTRIES]: Applying holder lookups: minecraft:point_of_interest_type
[13Sep2026 16:59:55.742] [main/DEBUG] [net.minecraftforge.registries.GameData/REGISTRIES]: Holder lookups applied: minecraft:point_of_interest_type
[13Sep2026 16:59:55.742] [main/DEBUG] [net.minecraftforge.registries.GameData/REGISTRIES]: Applying holder lookups: minecraft:schedule
[13Sep2026 16:59:55.742] [main/DEBUG] [net.minecraftforge.registries.GameData/REGISTRIES]: Holder lookups applied: minecraft:schedule
[13Sep2026 16:59:55.742] [main/DEBUG] [net.minecraftforge.registries.GameData/REGISTRIES]: Applying holder lookups: minecraft:activity
[13Sep2026 16:59:55.742] [main/DEBUG] [net.minecraftforge.registries.GameData/REGISTRIES]: Holder lookups applied: minecraft:activity
[13Sep2026 16:59:55.742] [main/DEBUG] [net.minecraftforge.registries.GameData/REGISTRIES]: Applying holder lookups: minecraft:loot_pool_entry_type
[13Sep2026 16:59:55.742] [main/DEBUG] [net.minecraftforge.registries.GameData/REGISTRIES]: Holder lookups applied: minecraft:loot_pool_entry_type
[13Sep2026 16:59:55.742] [main/DEBUG] [net.minecraftforge.registries.GameData/REGISTRIES]: Applying holder lookups: minecraft:loot_function_type
[13Sep2026 16:59:55.742] [main/DEBUG] [net.minecraftforge.registries.GameData/REGISTRIES]: Holder lookups applied: minecraft:loot_function_type
[13Sep2026 16:59:55.758] [main/DEBUG] [net.minecraftforge.registries.GameData/REGISTRIES]: Applying holder lookups: minecraft:loot_condition_type
[13Sep2026 16:59:55.758] [main/DEBUG] [net.minecraftforge.registries.GameData/REGISTRIES]: Holder lookups applied: minecraft:loot_condition_type
[13Sep2026 16:59:55.758] [main/DEBUG] [net.minecraftforge.registries.GameData/REGISTRIES]: Applying holder lookups: minecraft:loot_number_provider_type
[13Sep2026 16:59:55.758] [main/DEBUG] [net.minecraftforge.registries.GameData/REGISTRIES]: Holder lookups applied: minecraft:loot_number_provider_type
[13Sep2026 16:59:55.758] [main/DEBUG] [net.minecraftforge.registries.GameData/REGISTRIES]: Applying holder lookups: minecraft:loot_nbt_provider_type
[13Sep2026 16:59:55.758] [main/DEBUG] [net.minecraftforge.registries.GameData/REGISTRIES]: Holder lookups applied: minecraft:loot_nbt_provider_type
[13Sep2026 16:59:55.758] [main/DEBUG] [net.minecraftforge.registries.GameData/REGISTRIES]: Applying holder lookups: minecraft:loot_score_provider_type
[13Sep2026 16:59:55.758] [main/DEBUG] [net.minecraftforge.registries.GameData/REGISTRIES]: Holder lookups applied: minecraft:loot_score_provider_type
[13Sep2026 16:59:55.758] [main/DEBUG] [net.minecraftforge.registries.GameData/REGISTRIES]: Applying holder lookups: minecraft:float_provider_type
[13Sep2026 16:59:55.758] [main/DEBUG] [net.minecraftforge.registries.GameData/REGISTRIES]: Holder lookups applied: minecraft:float_provider_type
[13Sep2026 16:59:55.758] [main/DEBUG] [net.minecraftforge.registries.GameData/REGISTRIES]: Applying holder lookups: minecraft:int_provider_type
[13Sep2026 16:59:55.758] [main/DEBUG] [net.minecraftforge.registries.GameData/REGISTRIES]: Holder lookups applied: minecraft:int_provider_type
[13Sep2026 16:59:55.758] [main/DEBUG] [net.minecraftforge.registries.GameData/REGISTRIES]: Applying holder lookups: minecraft:height_provider_type
[13Sep2026 16:59:55.758] [main/DEBUG] [net.minecraftforge.registries.GameData/REGISTRIES]: Holder lookups applied: minecraft:height_provider_type
[13Sep2026 16:59:55.758] [main/DEBUG] [net.minecraftforge.registries.GameData/REGISTRIES]: Applying holder lookups: minecraft:block_predicate_type
[13Sep2026 16:59:55.758] [main/DEBUG] [net.minecraftforge.registries.GameData/REGISTRIES]: Holder lookups applied: minecraft:block_predicate_type
[13Sep2026 16:59:55.758] [main/DEBUG] [net.minecraftforge.registries.GameData/REGISTRIES]: Applying holder lookups: minecraft:worldgen/carver
[13Sep2026 16:59:55.758] [main/DEBUG] [net.minecraftforge.registries.GameData/REGISTRIES]: Holder lookups applied: minecraft:worldgen/carver
[13Sep2026 16:59:55.758] [main/DEBUG] [net.minecraftforge.registries.GameData/REGISTRIES]: Applying holder lookups: minecraft:worldgen/feature
[13Sep2026 16:59:55.758] [main/DEBUG] [net.minecraftforge.registries.GameData/REGISTRIES]: Holder lookups applied: minecraft:worldgen/feature
[13Sep2026 16:59:55.758] [main/DEBUG] [net.minecraftforge.registries.GameData/REGISTRIES]: Applying holder lookups: minecraft:worldgen/structure_processor
[13Sep2026 16:59:55.758] [main/DEBUG] [net.minecraftforge.registries.GameData/REGISTRIES]: Holder lookups applied: minecraft:worldgen/structure_processor
[13Sep2026 16:59:55.758] [main/DEBUG] [net.minecraftforge.registries.GameData/REGISTRIES]: Applying holder lookups: minecraft:worldgen/structure_placement
[13Sep2026 16:59:55.758] [main/DEBUG] [net.minecraftforge.registries.GameData/REGISTRIES]: Holder lookups applied: minecraft:worldgen/structure_placement
[13Sep2026 16:59:55.758] [main/DEBUG] [net.minecraftforge.registries.GameData/REGISTRIES]: Applying holder lookups: minecraft:worldgen/structure_piece
[13Sep2026 16:59:55.758] [main/DEBUG] [net.minecraftforge.registries.GameData/REGISTRIES]: Holder lookups applied: minecraft:worldgen/structure_piece
[13Sep2026 16:59:55.758] [main/DEBUG] [net.minecraftforge.registries.GameData/REGISTRIES]: Applying holder lookups: minecraft:worldgen/structure_type
[13Sep2026 16:59:55.758] [main/DEBUG] [net.minecraftforge.registries.GameData/REGISTRIES]: Holder lookups applied: minecraft:worldgen/structure_type
[13Sep2026 16:59:55.758] [main/DEBUG] [net.minecraftforge.registries.GameData/REGISTRIES]: Applying holder lookups: minecraft:worldgen/placement_modifier_type
[13Sep2026 16:59:55.758] [main/DEBUG] [net.minecraftforge.registries.GameData/REGISTRIES]: Holder lookups applied: minecraft:worldgen/placement_modifier_type
[13Sep2026 16:59:55.758] [main/DEBUG] [net.minecraftforge.registries.GameData/REGISTRIES]: Applying holder lookups: minecraft:worldgen/block_state_provider_type
[13Sep2026 16:59:55.758] [main/DEBUG] [net.minecraftforge.registries.GameData/REGISTRIES]: Holder lookups applied: minecraft:worldgen/block_state_provider_type
[13Sep2026 16:59:55.758] [main/DEBUG] [net.minecraftforge.registries.GameData/REGISTRIES]: Applying holder lookups: minecraft:worldgen/foliage_placer_type
[13Sep2026 16:59:55.758] [main/DEBUG] [net.minecraftforge.registries.GameData/REGISTRIES]: Holder lookups applied: minecraft:worldgen/foliage_placer_type
[13Sep2026 16:59:55.758] [main/DEBUG] [net.minecraftforge.registries.GameData/REGISTRIES]: Applying holder lookups: minecraft:worldgen/trunk_placer_type
[13Sep2026 16:59:55.758] [main/DEBUG] [net.minecraftforge.registries.GameData/REGISTRIES]: Holder lookups applied: minecraft:worldgen/trunk_placer_type
[13Sep2026 16:59:55.758] [main/DEBUG] [net.minecraftforge.registries.GameData/REGISTRIES]: Applying holder lookups: minecraft:worldgen/root_placer_type
[13Sep2026 16:59:55.758] [main/DEBUG] [net.minecraftforge.registries.GameData/REGISTRIES]: Holder lookups applied: minecraft:worldgen/root_placer_type
[13Sep2026 16:59:55.758] [main/DEBUG] [net.minecraftforge.registries.GameData/REGISTRIES]: Applying holder lookups: minecraft:worldgen/tree_decorator_type
[13Sep2026 16:59:55.758] [main/DEBUG] [net.minecraftforge.registries.GameData/REGISTRIES]: Holder lookups applied: minecraft:worldgen/tree_decorator_type
[13Sep2026 16:59:55.758] [main/DEBUG] [net.minecraftforge.registries.GameData/REGISTRIES]: Applying holder lookups: minecraft:worldgen/feature_size_type
[13Sep2026 16:59:55.758] [main/DEBUG] [net.minecraftforge.registries.GameData/REGISTRIES]: Holder lookups applied: minecraft:worldgen/feature_size_type
[13Sep2026 16:59:55.758] [main/DEBUG] [net.minecraftforge.registries.GameData/REGISTRIES]: Applying holder lookups: minecraft:worldgen/biome_source
[13Sep2026 16:59:55.758] [main/DEBUG] [net.minecraftforge.registries.GameData/REGISTRIES]: Holder lookups applied: minecraft:worldgen/biome_source
[13Sep2026 16:59:55.758] [main/DEBUG] [net.minecraftforge.registries.GameData/REGISTRIES]: Applying holder lookups: minecraft:worldgen/chunk_generator
[13Sep2026 16:59:55.758] [main/DEBUG] [net.minecraftforge.registries.GameData/REGISTRIES]: Holder lookups applied: minecraft:worldgen/chunk_generator
[13Sep2026 16:59:55.758] [main/DEBUG] [net.minecraftforge.registries.GameData/REGISTRIES]: Applying holder lookups: minecraft:worldgen/material_condition
[13Sep2026 16:59:55.758] [main/DEBUG] [net.minecraftforge.registries.GameData/REGISTRIES]: Holder lookups applied: minecraft:worldgen/material_condition
[13Sep2026 16:59:55.758] [main/DEBUG] [net.minecraftforge.registries.GameData/REGISTRIES]: Applying holder lookups: minecraft:worldgen/material_rule
[13Sep2026 16:59:55.758] [main/DEBUG] [net.minecraftforge.registries.GameData/REGISTRIES]: Holder lookups applied: minecraft:worldgen/material_rule
[13Sep2026 16:59:55.758] [main/DEBUG] [net.minecraftforge.registries.GameData/REGISTRIES]: Applying holder lookups: minecraft:worldgen/density_function_type
[13Sep2026 16:59:55.758] [main/DEBUG] [net.minecraftforge.registries.GameData/REGISTRIES]: Holder lookups applied: minecraft:worldgen/density_function_type
[13Sep2026 16:59:55.758] [main/DEBUG] [net.minecraftforge.registries.GameData/REGISTRIES]: Applying holder lookups: minecraft:worldgen/structure_pool_element
[13Sep2026 16:59:55.758] [main/DEBUG] [net.minecraftforge.registries.GameData/REGISTRIES]: Holder lookups applied: minecraft:worldgen/structure_pool_element
[13Sep2026 16:59:55.758] [main/DEBUG] [net.minecraftforge.registries.GameData/REGISTRIES]: Applying holder lookups: minecraft:cat_variant
[13Sep2026 16:59:55.758] [main/DEBUG] [net.minecraftforge.registries.GameData/REGISTRIES]: Holder lookups applied: minecraft:cat_variant
[13Sep2026 16:59:55.758] [main/DEBUG] [net.minecraftforge.registries.GameData/REGISTRIES]: Applying holder lookups: minecraft:frog_variant
[13Sep2026 16:59:55.758] [main/DEBUG] [net.minecraftforge.registries.GameData/REGISTRIES]: Holder lookups applied: minecraft:frog_variant
[13Sep2026 16:59:55.758] [main/DEBUG] [net.minecraftforge.registries.GameData/REGISTRIES]: Applying holder lookups: minecraft:banner_pattern
[13Sep2026 16:59:55.758] [main/DEBUG] [net.minecraftforge.registries.GameData/REGISTRIES]: Holder lookups applied: minecraft:banner_pattern
[13Sep2026 16:59:55.758] [main/DEBUG] [net.minecraftforge.registries.GameData/REGISTRIES]: Applying holder lookups: minecraft:instrument
[13Sep2026 16:59:55.758] [main/DEBUG] [net.minecraftforge.registries.GameData/REGISTRIES]: Holder lookups applied: minecraft:instrument
[13Sep2026 16:59:55.758] [main/DEBUG] [net.minecraftforge.registries.GameData/REGISTRIES]: Applying holder lookups: minecraft:decorated_pot_patterns
[13Sep2026 16:59:55.758] [main/DEBUG] [net.minecraftforge.registries.GameData/REGISTRIES]: Holder lookups applied: minecraft:decorated_pot_patterns
[13Sep2026 16:59:55.773] [main/DEBUG] [net.minecraftforge.registries.GameData/REGISTRIES]: Applying holder lookups: minecraft:creative_mode_tab
[13Sep2026 16:59:55.773] [main/DEBUG] [net.minecraftforge.registries.GameData/REGISTRIES]: Holder lookups applied: minecraft:creative_mode_tab
[13Sep2026 16:59:55.805] [main/DEBUG] [net.minecraftforge.registries.GameData/REGISTRIES]: Applying holder lookups: forge:biome_modifier_serializers
[13Sep2026 16:59:55.805] [main/DEBUG] [net.minecraftforge.registries.GameData/REGISTRIES]: Holder lookups applied: forge:biome_modifier_serializers
[13Sep2026 16:59:55.805] [main/DEBUG] [net.minecraftforge.registries.GameData/REGISTRIES]: Applying holder lookups: forge:display_contexts
[13Sep2026 16:59:55.805] [main/DEBUG] [net.minecraftforge.registries.GameData/REGISTRIES]: Holder lookups applied: forge:display_contexts
[13Sep2026 16:59:55.805] [main/DEBUG] [net.minecraftforge.registries.GameData/REGISTRIES]: Applying holder lookups: forge:entity_data_serializers
[13Sep2026 16:59:55.805] [main/DEBUG] [net.minecraftforge.registries.GameData/REGISTRIES]: Holder lookups applied: forge:entity_data_serializers
[13Sep2026 16:59:55.826] [main/DEBUG] [net.minecraftforge.registries.GameData/REGISTRIES]: Applying holder lookups: forge:fluid_type
[13Sep2026 16:59:55.826] [main/DEBUG] [net.minecraftforge.registries.GameData/REGISTRIES]: Holder lookups applied: forge:fluid_type
[13Sep2026 16:59:55.826] [main/DEBUG] [net.minecraftforge.registries.GameData/REGISTRIES]: Applying holder lookups: forge:global_loot_modifier_serializers
[13Sep2026 16:59:55.826] [main/DEBUG] [net.minecraftforge.registries.GameData/REGISTRIES]: Holder lookups applied: forge:global_loot_modifier_serializers
[13Sep2026 16:59:55.826] [main/DEBUG] [net.minecraftforge.registries.GameData/REGISTRIES]: Applying holder lookups: forge:holder_set_type
[13Sep2026 16:59:55.826] [main/DEBUG] [net.minecraftforge.registries.GameData/REGISTRIES]: Holder lookups applied: forge:holder_set_type
[13Sep2026 16:59:55.842] [main/DEBUG] [net.minecraftforge.registries.GameData/REGISTRIES]: Applying holder lookups: forge:structure_modifier_serializers
[13Sep2026 16:59:55.842] [main/DEBUG] [net.minecraftforge.registries.GameData/REGISTRIES]: Holder lookups applied: forge:structure_modifier_serializers
[13Sep2026 16:59:55.842] [main/DEBUG] [net.minecraftforge.registries.GameData/REGISTRIES]: Applying holder lookups: legendarysurvivaloverhaul:dynamic_temperature_modifiers
[13Sep2026 16:59:55.843] [main/DEBUG] [net.minecraftforge.registries.GameData/REGISTRIES]: Holder lookups applied: legendarysurvivaloverhaul:dynamic_temperature_modifiers
[13Sep2026 16:59:55.843] [main/DEBUG] [net.minecraftforge.registries.GameData/REGISTRIES]: Applying holder lookups: legendarysurvivaloverhaul:item_attribute_temperature_modifiers
[13Sep2026 16:59:55.844] [main/DEBUG] [net.minecraftforge.registries.GameData/REGISTRIES]: Holder lookups applied: legendarysurvivaloverhaul:item_attribute_temperature_modifiers
[13Sep2026 16:59:55.844] [main/DEBUG] [net.minecraftforge.registries.GameData/REGISTRIES]: Applying holder lookups: legendarysurvivaloverhaul:temperature_modifiers
[13Sep2026 16:59:55.844] [main/DEBUG] [net.minecraftforge.registries.GameData/REGISTRIES]: Holder lookups applied: legendarysurvivaloverhaul:temperature_modifiers
[13Sep2026 16:59:55.844] [main/DEBUG] [net.minecraftforge.registries.GameData/REGISTRIES]: Applying holder lookups: minecraft:worldgen/biome
[13Sep2026 16:59:55.844] [main/DEBUG] [net.minecraftforge.registries.GameData/REGISTRIES]: Holder lookups applied: minecraft:worldgen/biome
[13Sep2026 16:59:55.951] [main/WARN] [net.minecraft.server.packs.VanillaPackResourcesBuilder/]: Assets URL 'union:/C:/Users/kylie/.gradle/caches/forge_gradle/minecraft_user_repo/net/minecraftforge/forge/1.20.1-47.3.0_mapped_official_1.20.1/forge-1.20.1-47.3.0_mapped_official_1.20.1-recomp.jar%23191!/assets/.mcassetsroot' uses unexpected schema
[13Sep2026 16:59:55.951] [main/WARN] [net.minecraft.server.packs.VanillaPackResourcesBuilder/]: Assets URL 'union:/C:/Users/kylie/.gradle/caches/forge_gradle/minecraft_user_repo/net/minecraftforge/forge/1.20.1-47.3.0_mapped_official_1.20.1/forge-1.20.1-47.3.0_mapped_official_1.20.1-recomp.jar%23191!/data/.mcassetsroot' uses unexpected schema
[13Sep2026 16:59:56.145] [main/INFO] [net.minecraft.data.DataGenerator/]: Starting provider: Recipes
[13Sep2026 16:59:56.177] [main/INFO] [net.minecraft.data.DataGenerator/]: Recipes finished after 31 ms
[13Sep2026 16:59:56.177] [main/INFO] [net.minecraft.data.DataGenerator/]: Starting provider: Block States: thatsjustpeachy
[13Sep2026 16:59:56.359] [main/INFO] [net.minecraft.data.DataGenerator/]: Block States: thatsjustpeachy finished after 192 ms
[13Sep2026 16:59:56.359] [main/INFO] [net.minecraft.data.DataGenerator/]: Starting provider: Item Models: thatsjustpeachy
